date,avgtmp,maxtmp,mintmp,humidity
2008/1/1,6,10.9,1.8,36
2008/1/2,6.2,11.2,1.1,35
2008/1/3,5.9,10.4,1.5,45
2008/1/4,7,12.1,2.7,43
2008/1/5,6,8.7,4,53
2008/1/6,7.5,13.5,2,59
2008/1/7,8.4,12,4.2,63
2008/1/8,9.7,13.9,3.8,64
2008/1/9,10.4,12.6,8,54
2008/1/10,9,12.5,5.7,50
2008/1/11,9.3,13,4.6,49
2008/1/12,6.9,10.8,4.2,72
2008/1/13,4.8,8.2,2.6,33
2008/1/14,4,5.9,1.9,35
2008/1/15,5.4,7.6,3,34
2008/1/16,5.9,9.8,3.1,44
2008/1/17,3.9,7.9,1.4,42
2008/1/18,3.6,5.7,2.1,36
2008/1/19,4.8,8.3,2.1,30
2008/1/20,5,8.2,1.2,32
2008/1/21,4.9,6.4,3.4,43
2008/1/22,4.4,6.5,1.4,43
2008/1/23,3,5.7,1.1,73
2008/1/24,5,8.9,1.8,48
2008/1/25,3.4,7,0.8,27
2008/1/26,4.1,8.2,1.5,27
2008/1/27,4.1,7.8,1,29
2008/1/28,4.7,7.7,0.8,37
2008/1/29,5.2,6.7,4.1,60
2008/1/30,8,12.2,2.9,58
2008/1/31,6.2,10.3,3.7,36
2008/2/1,5,9.4,1.8,29
2008/2/2,4.8,7.1,2.1,35
2008/2/3,1.5,5,0.7,83
2008/2/4,4.7,8.5,-0.1,62
2008/2/5,5.6,9.1,1.8,52
2008/2/6,2.8,5,1.4,66
2008/2/7,5,9.9,1.1,46
2008/2/8,4.9,9.7,1.2,30
2008/2/9,2.4,4.5,0.5,57
2008/2/10,6.5,10.8,2.2,50
2008/2/11,6.8,10.4,2.6,54
2008/2/12,6.1,7.9,4.5,64
2008/2/13,3.1,6.1,0.9,26
2008/2/14,5.1,10.3,0,24
2008/2/15,5.7,9.6,2.3,34
2008/2/16,5.2,8.9,2.8,25
2008/2/17,3.5,6.9,1.1,32
2008/2/18,5.3,10,1,28
2008/2/19,5.4,9.3,1.5,43
2008/2/20,7.1,11.2,2.3,42
2008/2/21,8.6,13.4,4.2,31
2008/2/22,9.5,13.9,4,36
2008/2/23,7.3,17,0.7,42
2008/2/24,3.7,8,0.8,29
2008/2/25,4.8,8,1.1,31
2008/2/26,8.7,14.2,2.9,51
2008/2/27,6.4,9.4,3.1,31
2008/2/28,6.6,11.9,2.9,26
2008/2/29,7.8,12,2.9,41
2008/3/1,8.8,14.2,4.9,36
2008/3/2,8.6,11.7,4.8,39
2008/3/3,9.3,14.4,5.2,48
2008/3/4,8,11.6,5.7,40
2008/3/5,6.4,10.6,3.6,31
2008/3/6,7.4,11.5,2.8,28
2008/3/7,7.8,13.6,4.7,48
2008/3/8,8.6,13.3,3.2,35
2008/3/9,10.4,15.6,4.2,38
2008/3/10,9,11.6,5.8,64
2008/3/11,12.6,17.7,6.4,60
2008/3/12,9.7,13.4,6.8,46
2008/3/13,10.3,14.3,5.8,52
2008/3/14,13.3,16.8,9.7,76
2008/3/15,14.7,19.4,12.4,59
2008/3/16,14.5,19.1,10.7,63
2008/3/17,13.1,16.1,11.4,51
2008/3/18,12.6,16.1,10.2,51
2008/3/19,12.1,14.5,9.6,70
2008/3/20,9.2,11.5,7.8,80
2008/3/21,10.7,14.6,8.1,44
2008/3/22,11.9,17.7,7.1,37
2008/3/23,12.3,18.1,7.1,45
2008/3/24,9.4,11.2,8.1,80
2008/3/25,12.5,18,7.9,67
2008/3/26,14.4,20.4,10.3,58
2008/3/27,12,16,7.6,51
2008/3/28,12.6,17.3,9.8,55
2008/3/29,12.1,17.7,7.7,32
2008/3/30,8.9,11.3,7.2,58
2008/3/31,7.8,11.4,5.7,66
2008/4/1,11.2,17,6.5,34
2008/4/2,13,16.4,8,36
2008/4/3,13.6,18.7,9.2,51
2008/4/4,14.1,18.1,10.4,46
2008/4/5,14.6,19.6,10.9,32
2008/4/6,14.7,19.3,10.1,35
2008/4/7,13.3,16,10.3,72
2008/4/8,12.1,14,10.8,79
2008/4/9,13.1,16.4,11.1,58
2008/4/10,10.1,11.3,9.3,82
2008/4/11,14.3,20.3,9.8,72
2008/4/12,15.9,20.3,12,57
2008/4/13,10.1,13.7,9,74
2008/4/14,12.9,16.6,9.8,74
2008/4/15,16.2,20.7,11,47
2008/4/16,17.6,21,13.5,64
2008/4/17,16.6,19.8,13.7,71
2008/4/18,13.4,14.9,12.3,88
2008/4/19,14.5,16.9,11.7,61
2008/4/20,15.7,17.9,13.8,52
2008/4/21,15.8,20.5,12.6,43
2008/4/22,16,20.7,11.9,38
2008/4/23,17.2,21.6,12.6,47
2008/4/24,18.2,20.9,15.8,75
2008/4/25,14.8,18.4,12.7,66
2008/4/26,13.7,16.4,11.5,62
2008/4/27,14.5,18.1,11.2,73
2008/4/28,15.9,19.2,13.3,62
2008/4/29,17.6,22.3,13.4,59
2008/4/30,20.5,25.8,14.9,58
2008/5/1,20.8,24.3,17.2,61
2008/5/2,19.9,22.3,17.8,74
2008/5/3,18.8,21.3,17.5,85
2008/5/4,18.5,21,16.3,80
2008/5/5,18.6,21.2,15.7,77
2008/5/6,19.8,25.5,15.9,30
2008/5/7,21.5,26.5,15.4,45
2008/5/8,19.6,23.5,16.9,35
2008/5/9,18.9,23.1,16.5,37
2008/5/10,13.5,17.2,10.6,72
2008/5/11,11.7,14.2,9.7,71
2008/5/12,12.5,15,10.9,61
2008/5/13,11.6,13.5,9.2,76
2008/5/14,12.9,15,10.8,78
2008/5/15,17.3,21.9,12.2,67
2008/5/16,18.7,22.6,14.5,61
2008/5/17,18.9,22.9,15.2,66
2008/5/18,18.6,23.2,15.4,64
2008/5/19,19.7,23.6,16,73
2008/5/20,20.4,24.1,17.7,70
2008/5/21,20.1,24.7,15.9,46
2008/5/22,21.7,27,17,60
2008/5/23,24.3,29,20,56
2008/5/24,21.6,25.9,18.7,71
2008/5/25,20.8,23.4,18.6,86
2008/5/26,23.1,27.1,19.8,69
2008/5/27,22.8,28.8,19.1,46
2008/5/28,21.3,26.5,16.8,61
2008/5/29,15.8,17.5,14.8,84
2008/5/30,14.9,17.1,13.2,83
2008/5/31,13.5,14.4,12.5,85
2008/6/1,18.7,23.5,13.4,66
2008/6/2,19.2,21.9,15.8,72
2008/6/3,15.8,16.5,14.7,87
2008/6/4,18.3,22.4,14.7,71
2008/6/5,18.6,21.1,16.2,80
2008/6/6,22.8,27.6,18.8,71
2008/6/7,23,26.2,20.6,60
2008/6/8,21.7,24.2,19.6,73
2008/6/9,21.2,22.9,18.6,82
2008/6/10,22.3,27,17.5,68
2008/6/11,22.8,26.5,20.5,73
2008/6/12,18.6,21.8,16.3,74
2008/6/13,21.7,26.7,15.1,63
2008/6/14,23.1,29.1,19.9,53
2008/6/15,21.1,24.3,18.6,57
2008/6/16,22.9,26.7,20.1,63
2008/6/17,22.1,26,19.3,68
2008/6/18,22.2,25.8,19.1,68
2008/6/19,23.7,27.6,20.6,69
2008/6/20,22.9,24.3,21.9,83
2008/6/21,23.5,25.9,21.9,84
2008/6/22,21,23.3,18.3,89
2008/6/23,21.1,24.9,18.4,78
2008/6/24,23.6,27.7,19.7,70
2008/6/25,21.6,25.1,18.8,71
2008/6/26,17,19.1,15.9,78
2008/6/27,21.6,25.3,17.4,68
2008/6/28,23.4,26.1,21.4,70
2008/6/29,21,22.5,19.1,88
2008/6/30,21.7,24.7,19.4,72
2008/7/1,21.8,25.5,18.6,71
2008/7/2,23.7,26.9,21.1,70
2008/7/3,24.3,27.3,22.1,75
2008/7/4,26.5,31.6,23.1,77
2008/7/5,27.5,31.4,24.9,72
2008/7/6,27,30.7,24.7,76
2008/7/7,25.1,26.9,24,81
2008/7/8,24.1,26.5,22.8,80
2008/7/9,24.3,26.1,22.7,68
2008/7/10,24.6,27.8,22.1,70
2008/7/11,26,29.4,23.5,71
2008/7/12,28,33.8,24.1,67
2008/7/13,28.5,32.7,25,65
2008/7/14,28.9,32.7,26.2,69
2008/7/15,27.8,31.4,24.8,66
2008/7/16,27.3,31.7,23.5,74
2008/7/17,27.9,31.7,25.3,74
2008/7/18,28.7,32.1,27.1,75
2008/7/19,29.1,33.8,26,63
2008/7/20,27,32.1,24.2,68
2008/7/21,27,30.3,24.6,72
2008/7/22,28.4,32.4,25.6,72
2008/7/23,28.9,32.4,26.8,73
2008/7/24,29.1,33.1,27.1,72
2008/7/25,29.4,34.5,25.4,71
2008/7/26,27.9,31.7,24.6,74
2008/7/27,27.6,32.9,24.7,74
2008/7/28,29.3,33.4,25.1,59
2008/7/29,28.5,33,24.4,63
2008/7/30,26.4,31.6,23.7,65
2008/7/31,26.2,30.7,22.9,66
2008/8/1,27.4,31.5,24.6,69
2008/8/2,28.3,31.7,26.1,74
2008/8/3,29.4,32.7,27.2,74
2008/8/4,30.2,34.5,26.4,70
2008/8/5,27.6,30.6,25.5,84
2008/8/6,29.8,34.3,26.2,66
2008/8/7,30.2,34.2,27.2,66
2008/8/8,30.7,35.3,27.6,66
2008/8/9,29.2,33,25.5,66
2008/8/10,26.6,29.2,24.6,70
2008/8/11,28.1,32.5,24.1,73
2008/8/12,28.7,32.9,25.8,69
2008/8/13,29.2,32.2,27.3,72
2008/8/14,30.1,34.5,26.9,66
2008/8/15,30.7,34.9,27.6,64
2008/8/16,28.7,34.1,24.9,74
2008/8/17,22.6,25.5,20.8,84
2008/8/18,25.2,29.7,21.4,69
2008/8/19,28.5,34.8,25.4,71
2008/8/20,27.7,32.4,23.7,70
2008/8/21,25.4,31.1,21.2,68
2008/8/22,22.4,25.3,20.5,65
2008/8/23,20.9,22.8,20,78
2008/8/24,21.6,23.6,19.6,90
2008/8/25,23.2,25.4,21.9,88
2008/8/26,22.1,24.2,21.1,86
2008/8/27,24.6,29.1,20.4,73
2008/8/28,25.5,29.2,22.6,86
2008/8/29,25.9,30.4,23.5,82
2008/8/30,24.8,29.1,23.1,85
2008/8/31,25.6,30.4,22.9,81
2008/9/1,27.3,30.8,24.1,76
2008/9/2,28.3,31.8,26,74
2008/9/3,28.7,32.3,26.5,68
2008/9/4,27.4,30.5,24.5,73
2008/9/5,26.6,29.7,23.7,74
2008/9/6,27,30.6,24.7,75
2008/9/7,26.7,31.1,24.6,75
2008/9/8,27.1,31.4,23.8,64
2008/9/9,25.6,30,22.1,46
2008/9/10,24.2,28.7,21.1,59
2008/9/11,23.2,26.6,19.8,71
2008/9/12,26.4,31.3,21.6,63
2008/9/13,27,31.5,23.8,66
2008/9/14,25.6,29.2,23.3,70
2008/9/15,24.4,26.6,22.5,74
2008/9/16,23.3,26.9,21.1,77
2008/9/17,25.2,29.1,22.1,68
2008/9/18,24.1,25.6,22.9,74
2008/9/19,23.9,26.3,22.4,80
2008/9/20,24.5,29.1,21.8,74
2008/9/21,23,25.2,21.7,84
2008/9/22,20.9,22.8,19.3,84
2008/9/23,23.6,28,19,73
2008/9/24,24.7,28.1,22.6,52
2008/9/25,24.9,28.9,20.9,63
2008/9/26,26,29.7,21,60
2008/9/27,20.1,22.8,17.8,37
2008/9/28,18.1,19.6,16.3,53
2008/9/29,16.6,17.9,15.4,78
2008/9/30,17.2,18.8,15.9,88
2008/10/1,18.9,21,17.2,83
2008/10/2,19.6,23.9,15.8,53
2008/10/3,20,23.3,17.5,55
2008/10/4,20.6,24.6,16.9,61
2008/10/5,21,25.2,17.7,69
2008/10/6,18.3,20.3,16.2,86
2008/10/7,21.6,24.7,18.3,74
2008/10/8,19,20.5,17.8,83
2008/10/9,21.1,24.5,18.1,71
2008/10/10,21.7,24.8,18.5,75
2008/10/11,20.8,23.7,18.1,69
2008/10/12,18.6,21.2,15.9,45
2008/10/13,19.5,23.3,16,57
2008/10/14,18.6,21.1,17.5,76
2008/10/15,19.9,23.3,16.8,70
2008/10/16,19.7,23.9,15.3,50
2008/10/17,19.6,23.8,15.3,57
2008/10/18,19.6,23.3,16.1,64
2008/10/19,19.4,22.9,15.5,63
2008/10/20,20,24.6,16,65
2008/10/21,20.2,23.7,16.9,58
2008/10/22,19.8,23.5,16,64
2008/10/23,20.3,24.5,18.1,77
2008/10/24,21,23.4,19.7,89
2008/10/25,20.6,22.4,18.9,70
2008/10/26,19.3,21,17.8,69
2008/10/27,18,22.4,14.9,64
2008/10/28,17.1,21,13.1,58
2008/10/29,17,21.2,12.3,55
2008/10/30,14.8,18.1,12.5,46
2008/10/31,14.4,16.3,11.5,55
2008/11/1,16.1,20.8,11.8,47
2008/11/2,14.9,19.1,11.1,55
2008/11/3,15.7,18,13.6,65
2008/11/4,16.3,20.2,12.7,45
2008/11/5,14.4,17.5,11.3,52
2008/11/6,15.8,22,10.5,61
2008/11/7,17.3,22.3,13.4,57
2008/11/8,13.9,16,11.3,41
2008/11/9,11.4,13.1,10,56
2008/11/10,11.9,14.2,9.7,57
2008/11/11,11.6,13.8,9.8,57
2008/11/12,12.2,13.3,10.6,63
2008/11/13,14.9,18.8,12.1,58
2008/11/14,15.1,19,10.3,62
2008/11/15,16.2,19,13.9,69
2008/11/16,15.3,16.1,14.3,84
2008/11/17,15.8,19,12.3,75
2008/11/18,15.7,19.2,12.3,56
2008/11/19,11.3,15.6,8.4,29
2008/11/20,9.4,12.4,6.6,37
2008/11/21,11,16.2,5.5,43
2008/11/22,11.1,14.5,8.2,36
2008/11/23,12.1,16.9,8,47
2008/11/24,9.4,11.9,7.7,68
2008/11/25,9.5,13.4,6.1,67
2008/11/26,11,14,8.5,61
2008/11/27,8.8,11,7.6,75
2008/11/28,10.6,13.5,8.2,78
2008/11/29,13.1,16,7.4,54
2008/11/30,12,16,8.1,39
2008/12/1,9.9,13.2,6.6,49
2008/12/2,9.3,11.3,6.9,69
2008/12/3,12.3,17,7.5,56
2008/12/4,12.4,16.2,8,61
2008/12/5,14.2,19.4,10.2,66
2008/12/6,10.3,13.1,6.8,38
2008/12/7,7.5,10.2,4.1,32
2008/12/8,8.1,11.4,4.6,50
2008/12/9,8.8,11.6,5.7,69
2008/12/10,14.1,18.3,10.1,61
2008/12/11,14,19.3,9.6,50
2008/12/12,13.1,17,9.6,56
2008/12/13,11.3,13.5,9.6,63
2008/12/14,7.5,11.2,5.2,72
2008/12/15,7.2,10.7,3.6,53
2008/12/16,8.4,12.5,3.6,57
2008/12/17,8.8,9.7,7.9,75
2008/12/18,11.4,15.9,6.9,65
2008/12/19,10,12.3,7.7,44
2008/12/20,10.1,15.2,6.3,56
2008/12/21,13.5,19.8,5.3,60
2008/12/22,13.2,19.9,4.2,66
2008/12/23,6.9,9.7,4.5,51
2008/12/24,6.8,9.2,3.9,54
2008/12/25,10.1,16.8,4.8,53
2008/12/26,5.2,9,3.4,28
2008/12/27,6,10.9,2.2,24
2008/12/28,7.3,12.4,1.8,35
2008/12/29,9.9,14.4,6.2,41
2008/12/30,9,14.5,4.5,54
2008/12/31,6.6,10.3,4.4,30
2009/1/1,6.2,10.6,1.6,29
2009/1/2,6.9,11.6,3.1,34
2009/1/3,6.6,10.7,2,37
2009/1/4,7.5,11.1,4.3,31
2009/1/5,8.5,11.8,5.6,38
2009/1/6,8.6,12.5,5.6,35
2009/1/7,7,9.1,5.1,39
2009/1/8,6.7,9.8,3.8,45
2009/1/9,4.4,6.8,2.8,76
2009/1/10,5.6,10.8,2.8,50
2009/1/11,5.1,7.9,2,30
2009/1/12,4.5,8.4,0.6,46
2009/1/13,5.1,10.3,0,37
2009/1/14,5.9,9.8,1.1,40
2009/1/15,4.3,7.6,2.2,27
2009/1/16,5,9,0.3,36
2009/1/17,6.4,11.6,0.8,40
2009/1/18,6,8.3,3.2,51
2009/1/19,9.1,15.3,4.5,55
2009/1/20,7.5,9.2,5.6,39
2009/1/21,6.6,9.1,5.1,54
2009/1/22,5.9,7.2,4.5,84
2009/1/23,10.3,14.8,6.7,81
2009/1/24,6.8,11.6,3.9,50
2009/1/25,5.9,10,1.9,40
2009/1/26,6.5,10.7,1.1,40
2009/1/27,7.6,11.3,4.2,39
2009/1/28,6.7,9.3,4.3,57
2009/1/29,8.9,10.9,7,62
2009/1/30,9.6,11.5,8.3,82
2009/1/31,7.8,8.9,5.7,76
2009/2/1,7.9,10.9,5.1,36
2009/2/2,6.2,8.9,3.4,44
2009/2/3,8.9,14.1,3.6,48
2009/2/4,7.5,9.9,5.9,57
2009/2/5,7.4,9.7,4.7,60
2009/2/6,7.9,12,5,40
2009/2/7,7.1,10.4,4,44
2009/2/8,7.4,11.9,3.8,33
2009/2/9,6.1,8.1,3.7,34
2009/2/10,8.7,14.3,4.3,33
2009/2/11,6.9,8.5,5.4,53
2009/2/12,9.8,15.3,3.7,48
2009/2/13,11.4,17.6,5.7,58
2009/2/14,18.1,23.9,13.3,49
2009/2/15,12.7,14.9,10.6,56
2009/2/16,10.5,15.4,3.8,45
2009/2/17,4.9,8.8,1.7,23
2009/2/18,6.1,10.3,2.2,29
2009/2/19,6.6,9.3,3,32
2009/2/20,6.3,11.1,2.7,71
2009/2/21,6.4,9.9,4,30
2009/2/22,7.7,14,1.4,40
2009/2/23,6.6,9.7,5.2,75
2009/2/24,5.2,7.4,4.2,70
2009/2/25,7.6,10.6,4.8,76
2009/2/26,6.9,9.9,4.1,69
2009/2/27,3.4,5.3,1.8,80
2009/2/28,6.8,10.3,3.4,57
2009/3/1,7.1,9,5.5,55
2009/3/2,6.9,10.6,3.2,36
2009/3/3,3.2,6,1.2,53
2009/3/4,5.8,9.2,1.1,75
2009/3/5,8.6,11.9,5.3,47
2009/3/6,8.1,12.6,5.6,77
2009/3/7,11.6,14.7,9.3,34
2009/3/8,8.6,9.8,7.7,50
2009/3/9,10.2,12.7,7.9,59
2009/3/10,11.5,17.6,6.6,49
2009/3/11,7.6,11.6,4.8,27
2009/3/12,8.1,11.8,4.1,31
2009/3/13,10,13.6,4.5,56
2009/3/14,11.6,16.3,6.4,63
2009/3/15,9.4,13.9,4.9,40
2009/3/16,11.1,14.9,6.3,47
2009/3/17,14.4,18.7,10.2,38
2009/3/18,15.1,20.7,9,47
2009/3/19,17.2,23.2,11.1,56
2009/3/20,15.3,19.9,9.1,49
2009/3/21,11.8,15.5,8.2,37
2009/3/22,15.3,17,13,76
2009/3/23,12.7,16.5,7.8,31
2009/3/24,8.6,10.9,6.8,53
2009/3/25,8,10.6,6.1,73
2009/3/26,8,11.7,5.1,33
2009/3/27,7.8,13,3.6,46
2009/3/28,7.8,10.8,4.9,38
2009/3/29,8.1,13,4.4,35
2009/3/30,8.7,12.7,5,40
2009/3/31,10.7,13.6,7.3,51
2009/4/1,9.9,12.5,5.7,75
2009/4/2,9.8,14.8,5.4,40
2009/4/3,12.3,17.2,7.2,39
2009/4/4,13.8,18.1,9.4,59
2009/4/5,14.5,19,10.3,45
2009/4/6,14.9,19.2,10.5,43
2009/4/7,16,20.7,11.3,51
2009/4/8,16.2,20.4,12,54
2009/4/9,18.3,24.3,12.9,40
2009/4/10,18.6,23.2,14.6,46
2009/4/11,18.1,26.1,13.3,49
2009/4/12,16.3,20.6,12.1,63
2009/4/13,18.8,23.1,14.4,56
2009/4/14,17.9,23,15.1,70
2009/4/15,19.7,24.4,15.3,51
2009/4/16,17.7,22.8,14.7,57
2009/4/17,12.7,15.4,11.5,73
2009/4/18,15.2,18.9,11.7,65
2009/4/19,17.4,22.5,14.2,56
2009/4/20,16.8,20.2,13.3,61
2009/4/21,18.1,20.2,16.3,75
2009/4/22,19.7,24.3,16.8,64
2009/4/23,17.1,21.6,14,36
2009/4/24,13.3,16.4,10.2,56
2009/4/25,11.2,13.3,10,85
2009/4/26,16.8,22.7,11.8,51
2009/4/27,14.4,19.4,10.8,29
2009/4/28,13,17.6,9.1,35
2009/4/29,15.5,20.8,9.9,42
2009/4/30,17.8,23,12.1,43
2009/5/1,19.5,23.8,14,42
2009/5/2,19.8,24.5,15.1,52
2009/5/3,20,23.5,16.5,52
2009/5/4,20.4,23.7,18.2,55
2009/5/5,17.8,19.9,15.5,74
2009/5/6,16.4,19.4,14.8,82
2009/5/7,17,19.8,15.1,80
2009/5/8,17.8,20.3,15.5,81
2009/5/9,21,25.5,15.6,57
2009/5/10,23,28.3,17.3,63
2009/5/11,21.4,24.8,17.9,71
2009/5/12,22.2,24.9,19.9,70
2009/5/13,22.4,26.3,17.6,50
2009/5/14,18.4,23.4,15.3,30
2009/5/15,16.3,20.1,12.6,40
2009/5/16,17.6,19.6,16,62
2009/5/17,19.4,22,16.4,79
2009/5/18,23.7,28.4,18.9,50
2009/5/19,21.7,24.2,18.4,57
2009/5/20,23.2,29.3,17.9,52
2009/5/21,23,27.6,18.9,57
2009/5/22,21.8,24.3,20.3,68
2009/5/23,23.2,28.6,20.3,63
2009/5/24,19.4,22,16.2,70
2009/5/25,18.9,22.8,16.2,66
2009/5/26,21.3,25.8,16.8,62
2009/5/27,21.5,26,19.1,61
2009/5/28,18.5,20,16.2,76
2009/5/29,17.5,19.5,15.6,86
2009/5/30,18.4,20.4,16.5,83
2009/5/31,19.7,22.9,18,83
2009/6/1,19,22.1,16.6,70
2009/6/2,21.1,26.2,15.5,62
2009/6/3,21.9,24.4,20.5,66
2009/6/4,21.6,23.5,20.2,63
2009/6/5,20,21.8,18.6,77
2009/6/6,20.5,24.2,18.1,80
2009/6/7,22.8,28.9,18.8,63
2009/6/8,19,20.2,17.3,74
2009/6/9,21.8,24.3,18.8,69
2009/6/10,23.1,25.9,21,70
2009/6/11,21.6,25,18.8,77
2009/6/12,23.6,28.1,18.4,48
2009/6/13,23,26.8,20.1,67
2009/6/14,20.7,23.9,18.5,76
2009/6/15,20.8,23.9,18,73
2009/6/16,19.6,23.3,17,77
2009/6/17,21.2,24.6,18.3,71
2009/6/18,21.7,24.1,19.7,74
2009/6/19,22.3,26.7,19.8,73
2009/6/20,23.2,27.6,19.5,72
2009/6/21,22.8,24,21.5,90
2009/6/22,23.8,24.9,22.4,86
2009/6/23,26.5,29.7,24.1,72
2009/6/24,24.1,26.9,22.1,78
2009/6/25,24.9,28.2,22.9,73
2009/6/26,26.8,31.9,22.3,62
2009/6/27,26.6,31.8,22.5,62
2009/6/28,23.5,25.6,21,75
2009/6/29,25.3,29.9,20.8,66
2009/6/30,22.8,25.7,21.2,81
2009/7/1,23.3,25.7,20.9,82
2009/7/2,21.2,22.6,20.2,87
2009/7/3,23.2,26.3,20.4,79
2009/7/4,24,27.6,20.3,75
2009/7/5,23.8,26.3,21.8,74
2009/7/6,23.7,24.7,22.6,81
2009/7/7,26.9,31.5,23.4,72
2009/7/8,26.5,27.8,25.1,75
2009/7/9,27.9,30.5,24.9,70
2009/7/10,28.3,30.3,25.1,66
2009/7/11,25.3,27.4,23.7,53
2009/7/12,25.5,29.2,22.1,64
2009/7/13,28.9,33.6,24.5,65
2009/7/14,27.6,31.3,25.3,58
2009/7/15,29.1,33.6,25.2,62
2009/7/16,29.3,34.2,26.1,59
2009/7/17,25.9,28.4,22.7,71
2009/7/18,27.7,29.8,25.3,72
2009/7/19,29.4,33.9,25.9,65
2009/7/20,27.1,30,23.6,60
2009/7/21,22.8,23.7,21.6,81
2009/7/22,24.1,27.7,21.7,83
2009/7/23,25.6,29.7,23.7,79
2009/7/24,26.3,27.9,24.9,81
2009/7/25,28.1,31.9,24.3,74
2009/7/26,29.6,33.8,26.7,66
2009/7/27,27.2,30.9,24,76
2009/7/28,26.7,28.4,24.6,79
2009/7/29,28.2,31.2,26.2,77
2009/7/30,28.4,33.2,22.1,72
2009/7/31,23.3,26.5,21.1,77
2009/8/1,24.6,29,21.6,71
2009/8/2,24.3,26.4,22.6,79
2009/8/3,26.3,30.3,23.3,75
2009/8/4,26,29.6,23.2,78
2009/8/5,27.5,30,24.9,74
2009/8/6,27.5,30.5,25.8,79
2009/8/7,28.6,33.2,25.3,74
2009/8/8,27.6,30.4,25.5,77
2009/8/9,28.3,32.1,25.1,76
2009/8/10,27.1,28.6,25,85
2009/8/11,26.7,29.1,25,77
2009/8/12,26.6,30.6,24,72
2009/8/13,28.2,31.7,24.4,76
2009/8/14,28.6,30.5,25.7,66
2009/8/15,27.2,31.7,23.7,59
2009/8/16,27.8,33.2,23.7,54
2009/8/17,26.5,30.8,23.6,65
2009/8/18,26.6,30.1,23.9,65
2009/8/19,27.3,31.3,25,64
2009/8/20,27.6,31.6,25.3,64
2009/8/21,28.9,32.5,26.1,67
2009/8/22,28.9,31.6,24.7,68
2009/8/23,27.2,30.7,24.1,58
2009/8/24,26,30.2,24.2,62
2009/8/25,24.8,27.7,22.9,54
2009/8/26,24.4,27.6,22.4,58
2009/8/27,25.3,29.6,21.1,62
2009/8/28,27.4,31.4,23.8,61
2009/8/29,28.6,32.3,25.1,59
2009/8/30,23.3,27.1,19.9,76
2009/8/31,19.1,22.2,17.6,88
2009/9/1,25.7,31.5,21.5,71
2009/9/2,22.3,24,20.9,72
2009/9/3,22.2,24.5,20.4,68
2009/9/4,23.2,26.2,20.6,66
2009/9/5,24.4,29,20.8,67
2009/9/6,24.4,28.5,21.8,65
2009/9/7,24.9,29.3,21.4,68
2009/9/8,24.8,28.8,22,70
2009/9/9,22.6,23.7,21.4,70
2009/9/10,24.1,28.8,19.2,44
2009/9/11,23.9,26.9,20.3,49
2009/9/12,21.4,23.3,19.5,79
2009/9/13,23.7,28.9,19.7,65
2009/9/14,23.2,26.4,20.3,53
2009/9/15,21.9,23.9,19.7,70
2009/9/16,23.7,28.3,19.3,59
2009/9/17,22.5,26.5,19.8,53
2009/9/18,20.9,23.8,17.7,63
2009/9/19,21.7,25.7,19.7,65
2009/9/20,22.4,28.1,19.3,48
2009/9/21,21.3,23.4,19.1,62
2009/9/22,23.3,25.8,21,62
2009/9/23,23.9,26.9,21.2,56
2009/9/24,23.3,27.6,20.6,62
2009/9/25,23.3,28.5,19.6,61
2009/9/26,23.4,27.8,20.6,61
2009/9/27,21.9,24.4,20.2,68
2009/9/28,23.4,26.5,20.2,63
2009/9/29,23.1,25.1,20.7,73
2009/9/30,20.2,23.2,18.7,77
2009/10/1,20.8,24.1,18.3,68
2009/10/2,21.3,24.6,18.2,82
2009/10/3,22.8,25.1,21,74
2009/10/4,22.4,25.8,19,67
2009/10/5,19.6,21.1,17.7,76
2009/10/6,17.8,19,17,85
2009/10/7,17.6,18.2,16.6,86
2009/10/8,21.2,26.3,15.8,64
2009/10/9,20.4,23.9,18.1,42
2009/10/10,17.7,19.8,16,55
2009/10/11,18.9,23.8,13.7,46
2009/10/12,18.5,21.8,15.8,59
2009/10/13,19.8,24.9,16.6,59
2009/10/14,18.2,20.8,15.5,70
2009/10/15,18.1,21.8,14.9,60
2009/10/16,18.6,22.4,14.4,53
2009/10/17,18.4,21.1,15.4,69
2009/10/18,19.7,24.4,15.7,63
2009/10/19,19.7,22.4,15.1,55
2009/10/20,21.9,27.1,18.4,52
2009/10/21,19.3,23.4,15.6,52
2009/10/22,18.5,21.9,15.1,52
2009/10/23,17.7,20.4,15.6,61
2009/10/24,16.1,18.3,13.9,71
2009/10/25,14.8,16.8,12.7,71
2009/10/26,14.4,16.1,13,85
2009/10/27,19.1,25,13.8,51
2009/10/28,18.4,21.9,15.4,53
2009/10/29,17.8,21.8,14.8,70
2009/10/30,19.9,24.9,16.5,61
2009/10/31,18.2,21.5,15.5,67
2009/11/1,19.6,25.9,14.7,71
2009/11/2,12.9,16.2,5.5,72
2009/11/3,10.2,13.4,5.6,42
2009/11/4,11.9,17.5,6.3,52
2009/11/5,13.5,17.1,9.8,55
2009/11/6,15.4,20.3,10.6,63
2009/11/7,16.5,20.5,13,68
2009/11/8,16.9,19.9,13.9,69
2009/11/9,17.8,22.1,13.7,67
2009/11/10,18.7,21.8,15.3,72
2009/11/11,17.3,18.8,15.7,87
2009/11/12,13.2,15.8,10.1,65
2009/11/13,11.2,13.1,9.8,72
2009/11/14,16.9,22.5,11.2,76
2009/11/15,16.9,22.4,12.4,51
2009/11/16,14.4,17.4,12.4,39
2009/11/17,10.3,12.7,8.6,70
2009/11/18,11.5,14.9,8.8,49
2009/11/19,8.2,9.4,7,61
2009/11/20,10.5,14.5,6.8,57
2009/11/21,12.2,17.5,9.1,49
2009/11/22,8.4,10.2,7.4,57
2009/11/23,11.2,15.7,8,64
2009/11/24,11.8,14,8.4,63
2009/11/25,13.4,16.6,10.9,75
2009/11/26,14.6,18.1,11.8,68
2009/11/27,14.1,18,10.5,71
2009/11/28,13.8,17.7,10.8,59
2009/11/29,10.6,12.9,8.4,53
2009/11/30,9.6,11.7,7.2,72
2009/12/1,11.5,14.7,7.5,61
2009/12/2,12,16.2,8,59
2009/12/3,10.1,11.8,8.5,79
2009/12/4,11.7,14.9,9.9,62
2009/12/5,10.3,12.8,9.2,71
2009/12/6,11.2,16.6,7.3,66
2009/12/7,10.3,14.1,8.4,35
2009/12/8,10.1,12.9,6.2,41
2009/12/9,10.2,11.8,8,50
2009/12/10,11,13.5,9.2,57
2009/12/11,8.1,9.3,7.4,78
2009/12/12,13,17.4,9,68
2009/12/13,11.2,13.1,9.2,42
2009/12/14,8.9,10.8,7.2,54
2009/12/15,7.9,10.1,5.7,42
2009/12/16,6.9,8.7,4.8,59
2009/12/17,7,10.2,4.6,57
2009/12/18,6.2,11.5,3.3,32
2009/12/19,5.2,9.2,2.2,34
2009/12/20,6.3,11.8,1.1,35
2009/12/21,5.9,9,3.8,30
2009/12/22,6.4,10.6,2.6,39
2009/12/23,7.7,12.3,2.7,52
2009/12/24,9.9,13.8,4.9,43
2009/12/25,9.2,12,7.3,43
2009/12/26,9.4,12.9,6.7,54
2009/12/27,9.4,12,7.4,45
2009/12/28,9.4,14.2,6.7,54
2009/12/29,8.1,10.7,6.4,39
2009/12/30,9.2,13.6,5.1,52
2009/12/31,6.2,12,2.8,47
2010/1/1,4.8,9.5,0.2,33
2010/1/2,6.3,11.4,0.9,35
2010/1/3,5.7,9.2,1.4,41
2010/1/4,6.5,9.6,3.7,41
2010/1/5,7.3,13.2,3,49
2010/1/6,6.5,10.4,3.7,30
2010/1/7,7.3,12.1,1.5,35
2010/1/8,7.6,11.3,4.6,39
2010/1/9,7.2,11.1,4,34
2010/1/10,7,11.7,2.8,36
2010/1/11,5.3,6.4,4.3,49
2010/1/12,3.9,5.1,3.1,68
2010/1/13,5.3,9.2,2.8,44
2010/1/14,3.8,8,0.1,31
2010/1/15,4.6,8.4,-0.3,37
2010/1/16,3.8,6.9,1.9,31
2010/1/17,4.9,9.2,1.4,29
2010/1/18,5.3,8.8,1.8,43
2010/1/19,8.4,13.8,1.7,51
2010/1/20,11.6,17.3,4.5,47
2010/1/21,13,18,6.6,51
2010/1/22,7,10.5,3.8,27
2010/1/23,6.3,10.1,2.6,37
2010/1/24,7,10.8,2,42
2010/1/25,8.2,14.7,2.5,42
2010/1/26,6.7,10.5,4.3,30
2010/1/27,7.2,12.7,1.5,41
2010/1/28,12.2,15.5,5.4,54
2010/1/29,8.9,11.6,6.5,55
2010/1/30,8.9,13,4.5,43
2010/1/31,9.2,12.4,5.2,53
2010/2/1,5.9,9.4,0.6,69
2010/2/2,4.2,7.5,1,64
2010/2/3,3.7,6.9,0.1,55
2010/2/4,2.9,6.6,-0.4,53
2010/2/5,4.9,9.4,0.4,41
2010/2/6,3.2,7.6,0.1,37
2010/2/7,4.9,9.6,0.3,34
2010/2/8,6.3,10,1.9,42
2010/2/9,11.8,21,3.7,54
2010/2/10,8.5,13.1,4.8,71
2010/2/11,4.5,6,1.9,76
2010/2/12,3.5,5.2,2,66
2010/2/13,2.2,4,1.1,71
2010/2/14,4.6,7.7,0.5,57
2010/2/15,5.3,6.5,4.3,70
2010/2/16,3.9,5.2,1.8,65
2010/2/17,3.1,5,1.4,59
2010/2/18,3.5,6.3,0.5,67
2010/2/19,5.7,9.1,1.4,60
2010/2/20,7,11.2,3,43
2010/2/21,6.1,9.3,4,42
2010/2/22,6.5,10.1,4.4,58
2010/2/23,9.7,14.7,4.2,58
2010/2/24,12,16.6,8,62
2010/2/25,13.9,18.3,8.7,67
2010/2/26,16.9,18.7,14.7,72
2010/2/27,10.9,14.7,7.7,80
2010/2/28,6.4,8.4,2.8,76
2010/3/1,9,14.7,6.3,75
2010/3/2,5.3,7.3,3.9,72
2010/3/3,8.4,13.5,4,63
2010/3/4,7.6,10.6,5.4,61
2010/3/5,12.5,18.2,5.5,73
2010/3/6,11.4,13.7,9,80
2010/3/7,6.2,9.3,3.7,78
2010/3/8,5.5,8.4,3.3,60
2010/3/9,3.5,5.6,0.9,72
2010/3/10,5.3,11.2,1.3,77
2010/3/11,8.6,12.6,3.9,41
2010/3/12,10.3,15.2,4.1,51
2010/3/13,16.1,21.4,9.3,51
2010/3/14,10.7,14.2,7.7,47
2010/3/15,13.7,18,7.8,64
2010/3/16,15.5,21.6,10.7,69
2010/3/17,9.8,12.8,7.2,38
2010/3/18,9.6,13.1,5.6,59
2010/3/19,8.7,12,4.8,63
2010/3/20,15.2,20.9,7,61
2010/3/21,15.3,21.1,6.9,44
2010/3/22,9.8,13.6,5.7,38
2010/3/23,10.9,14.7,7.8,67
2010/3/24,6.9,10.2,3.2,78
2010/3/25,5.3,7.2,3.2,83
2010/3/26,7.9,12.1,5.1,60
2010/3/27,8.1,12.3,4.4,50
2010/3/28,5.5,9.5,4,59
2010/3/29,4.4,8.3,2.4,61
2010/3/30,5.9,10.4,1.2,36
2010/3/31,9.1,14.5,2.6,50
2010/4/1,14.7,20.7,7.4,56
2010/4/2,15.2,20,10.4,71
2010/4/3,11.1,14.5,8.7,40
2010/4/4,8.8,10.9,7,55
2010/4/5,9.4,12.1,7.2,83
2010/4/6,14.8,19.1,11.2,72
2010/4/7,11.6,16.3,7.7,71
2010/4/8,8.9,13.1,6.1,43
2010/4/9,11.1,14.6,6.9,51
2010/4/10,15.6,20.2,11.3,62
2010/4/11,17.2,23.2,14.1,62
2010/4/12,8.6,14.3,6.2,72
2010/4/13,15.1,20,6.8,73
2010/4/14,13.9,17.4,10.9,36
2010/4/15,6.9,11.2,5.5,70
2010/4/16,5.2,7.4,2.3,68
2010/4/17,6.3,11.5,1.4,73
2010/4/18,12,16.5,6,55
2010/4/19,15.2,20,9.6,55
2010/4/20,15.6,18.1,13.3,71
2010/4/21,18.8,25.5,13.9,62
2010/4/22,9.1,14.2,7,70
2010/4/23,8.2,10.1,6.9,82
2010/4/24,11.2,16.7,7.2,54
2010/4/25,12.7,16.7,7.5,44
2010/4/26,14.4,19.9,9.2,42
2010/4/27,12.7,15.7,10.3,65
2010/4/28,14.1,15.4,12.5,86
2010/4/29,18.2,23.4,12.9,56
2010/4/30,15.2,20,10.9,48
2010/5/1,16.4,20.1,11.4,45
2010/5/2,17.9,22.1,12.8,41
2010/5/3,19,24,14.3,51
2010/5/4,20.6,24.7,17.6,61
2010/5/5,21.9,27.6,16.8,64
2010/5/6,22.4,27.8,19.6,59
2010/5/7,20.4,22.3,18.3,77
2010/5/8,19.7,23.7,16,53
2010/5/9,20.7,26.6,16.2,44
2010/5/10,19.1,22.5,15.4,55
2010/5/11,17.1,19.7,15,77
2010/5/12,16.4,21.8,13.2,58
2010/5/13,16.5,20.9,11.6,33
2010/5/14,15.4,19.6,13,44
2010/5/15,15.1,19.3,12.3,49
2010/5/16,17.3,21.3,13.9,61
2010/5/17,20.7,26,15.8,61
2010/5/18,21.6,26.3,17.2,54
2010/5/19,20.3,22.9,18.8,70
2010/5/20,20.2,22.1,18.6,87
2010/5/21,24.3,30.9,19.6,55
2010/5/22,23.4,27.2,20.1,48
2010/5/23,18.3,21,15.5,75
2010/5/24,18.1,21.5,15.5,87
2010/5/25,23.5,29,18.2,60
2010/5/26,17.6,22.5,13.4,74
2010/5/27,17.6,22.2,13.3,71
2010/5/28,18.5,22.4,15.6,51
2010/5/29,15.6,17.6,14,67
2010/5/30,14.5,16.7,12,65
2010/5/31,17.4,21.9,13.6,55
2010/6/1,17.6,23.2,13.4,54
2010/6/2,19.1,24.8,14.8,53
2010/6/3,20.9,27.3,15.6,56
2010/6/4,22.1,26.4,18.7,58
2010/6/5,20.2,24.2,17.8,66
2010/6/6,21.4,26.1,17.6,55
2010/6/7,23.1,28.2,19.7,59
2010/6/8,21.4,23.3,19.6,61
2010/6/9,20,22.6,17.9,67
2010/6/10,22.6,28.2,18,60
2010/6/11,22.6,27.2,19.5,63
2010/6/12,24.5,28.9,20.8,65
2010/6/13,23.2,26,21.5,65
2010/6/14,18.6,21.5,17.3,83
2010/6/15,23.1,27.7,18,76
2010/6/16,25.8,30.3,22.2,75
2010/6/17,26.7,31.6,22.9,60
2010/6/18,24.4,28.9,20.1,76
2010/6/19,25.2,29.8,20.1,75
2010/6/20,26.2,29.1,23.9,70
2010/6/21,25.9,29,23.2,71
2010/6/22,26.1,29.2,24.3,72
2010/6/23,24.2,25.5,22.4,81
2010/6/24,25.1,28.3,22.4,60
2010/6/25,26.2,31.2,22.3,59
2010/6/26,26.2,28.7,24.6,72
2010/6/27,26.6,29,24.4,78
2010/6/28,28,31.8,25.2,76
2010/6/29,26.4,28.8,23.7,80
2010/6/30,25.6,28.9,22.7,74
2010/7/1,27,29.5,24.8,73
2010/7/2,26.6,31,23.1,71
2010/7/3,26.2,28.8,24.3,74
2010/7/4,27.2,31.6,24.3,78
2010/7/5,26.8,30.3,24.9,77
2010/7/6,27.1,30.6,24.2,76
2010/7/7,25.4,27.8,22.9,79
2010/7/8,26.4,30.1,23.2,75
2010/7/9,25.5,27.8,22.7,78
2010/7/10,27.3,31.1,23.6,64
2010/7/11,26.3,28.9,24.4,74
2010/7/12,27.4,29.1,26.2,75
2010/7/13,23.8,27.2,19.9,79
2010/7/14,26.1,31.3,20,75
2010/7/15,28.4,31.4,26.4,68
2010/7/16,28.5,31.9,25.8,70
2010/7/17,28.3,32.1,26,69
2010/7/18,28.3,31.7,25.6,68
2010/7/19,29.8,34.5,26.1,61
2010/7/20,30.8,34.5,27.3,62
2010/7/21,31.5,36.3,28,61
2010/7/22,31.4,36.1,27.6,60
2010/7/23,30.8,35.7,26.8,65
2010/7/24,30.8,35.8,26.5,63
2010/7/25,29.5,34.4,25.5,64
2010/7/26,28.6,33.3,25.7,71
2010/7/27,29.8,33.8,26.1,64
2010/7/28,30,34.2,27.3,59
2010/7/29,26.3,27.9,24.4,76
2010/7/30,26.8,29.2,25.3,82
2010/7/31,29.2,32.2,26.8,74
2010/8/1,29.8,34.1,27.4,71
2010/8/2,29.4,32.2,27.8,73
2010/8/3,29.5,33.3,27.4,69
2010/8/4,29.8,33.8,27.4,68
2010/8/5,30,33.4,27.7,68
2010/8/6,29.6,33.6,27.4,65
2010/8/7,29.2,33.2,26.4,63
2010/8/8,29.2,32.5,26,64
2010/8/9,26.3,28.9,23.6,77
2010/8/10,27.7,30.5,25.8,76
2010/8/11,28.9,31.9,26.9,72
2010/8/12,28.7,32.3,26.8,73
2010/8/13,28.3,30.3,26.9,70
2010/8/14,29.4,32.6,26.8,70
2010/8/15,31.4,35.5,28.6,65
2010/8/16,32.2,36.3,28.1,64
2010/8/17,32.3,37.2,28.9,60
2010/8/18,30.4,35.1,27.3,67
2010/8/19,28.7,33.1,26.2,71
2010/8/20,27.8,31.8,25.5,66
2010/8/21,28.6,32.8,26.2,66
2010/8/22,29.9,34.6,26.5,67
2010/8/23,30.3,35.1,27.2,68
2010/8/24,29.7,33.9,27.5,71
2010/8/25,30.1,33.8,27.6,65
2010/8/26,29.9,34.7,27.3,64
2010/8/27,30,33.8,27.1,66
2010/8/28,30.1,34.7,27.4,62
2010/8/29,30.2,34.4,26.4,62
2010/8/30,30.5,34.8,27.4,64
2010/8/31,30.8,35.8,27.5,63
2010/9/1,30.4,35.9,27.5,64
2010/9/2,30.1,34.6,27.9,61
2010/9/3,30.5,34.5,26.8,62
2010/9/4,31.2,35.9,28.5,51
2010/9/5,30.1,34.3,28,66
2010/9/6,29.8,34.1,27.9,67
2010/9/7,31,35.7,27.8,57
2010/9/8,25.8,30.5,22.8,79
2010/9/9,24.6,28.6,22,65
2010/9/10,26,29.4,23.4,62
2010/9/11,28.4,31.7,24.7,67
2010/9/12,28.1,31.7,25.1,71
2010/9/13,28.7,33.2,24.7,70
2010/9/14,25.8,30.4,22.2,69
2010/9/15,23,25.7,20.7,67
2010/9/16,20.6,21.9,19.5,86
2010/9/17,24.5,29.1,19.8,67
2010/9/18,25.9,29.6,23.1,59
2010/9/19,26,29.7,22.9,68
2010/9/20,25.9,28.8,24.3,73
2010/9/21,27.8,31.7,23.5,68
2010/9/22,28.1,32.7,24.6,68
2010/9/23,19.8,24.8,16.8,83
2010/9/24,18.3,20.2,15.8,65
2010/9/25,17.8,22,13.9,59
2010/9/26,19.3,24.6,14.8,56
2010/9/27,16.3,17.8,15.6,87
2010/9/28,18.9,22.8,16,85
2010/9/29,22.4,25.6,19.6,53
2010/9/30,19.2,22,18.1,79
2010/10/1,20.9,24.2,18.1,72
2010/10/2,21.2,24.9,19.2,64
2010/10/3,20.9,24.9,17.3,64
2010/10/4,20.4,22.6,18.1,80
2010/10/5,22.6,26.9,19.5,70
2010/10/6,22,25.7,19.7,64
2010/10/7,21.1,24.8,18,66
2010/10/8,20.9,25,18.9,65
2010/10/9,17.5,19.1,16.7,82
2010/10/10,19.8,23.6,16.8,85
2010/10/11,23.4,28.3,17.8,59
2010/10/12,22.5,25.8,19.6,76
2010/10/13,23,26.1,20.8,75
2010/10/14,21.4,23.4,19.5,69
2010/10/15,21.3,23.6,19.3,70
2010/10/16,21.4,24.8,18.6,62
2010/10/17,20.9,23.3,18.5,59
2010/10/18,19.4,22.7,17.1,54
2010/10/19,18.6,20.6,16.7,62
2010/10/20,18.9,20,17.9,65
2010/10/21,18.4,19.4,17.5,77
2010/10/22,17.7,19.3,16,63
2010/10/23,16.4,20.2,13.2,56
2010/10/24,15.4,18.4,13.6,70
2010/10/25,17.9,21.4,14.1,79
2010/10/26,16.7,19.8,12.2,70
2010/10/27,12.6,15.8,10.4,41
2010/10/28,10,11.4,9.3,73
2010/10/29,13.9,16.1,10.9,64
2010/10/30,12.3,14.6,11,81
2010/10/31,15.9,18.1,14.5,79
2010/11/1,16.6,19.6,14.2,82
2010/11/2,16.6,20.7,12.2,45
2010/11/3,14.6,18.7,11.8,39
2010/11/4,12.1,15,9.4,52
2010/11/5,13.9,19.2,8.5,54
2010/11/6,15.4,19.7,10,56
2010/11/7,14.9,18.6,12.6,61
2010/11/8,16.1,20.2,12.4,62
2010/11/9,16.8,22.4,12.1,43
2010/11/10,14.3,18.9,9.5,41
2010/11/11,14.1,17.9,10,43
2010/11/12,15.3,20.6,10.3,59
2010/11/13,16.2,19,12.9,51
2010/11/14,15.6,18.4,13.1,62
2010/11/15,11.9,16,7.1,67
2010/11/16,10,12.9,7.1,48
2010/11/17,8.8,11.2,7,72
2010/11/18,10.9,14.9,8.5,58
2010/11/19,11.7,15.6,7,53
2010/11/20,13.3,16.7,9.3,60
2010/11/21,14.1,17,10.2,67
2010/11/22,14.1,15.5,12.5,73
2010/11/23,13.8,17.3,11.3,68
2010/11/24,11.3,14.3,9.1,46
2010/11/25,10.6,14.1,7,60
2010/11/26,12.8,16,9.5,68
2010/11/27,12.1,14.5,10,58
2010/11/28,13.1,19.7,7.9,55
2010/11/29,12.3,16,7.9,39
2010/11/30,12.2,15.3,8.9,40
2010/12/1,13.5,17.3,9.9,48
2010/12/2,13.9,17.7,9.5,57
2010/12/3,17,23.7,12.3,63
2010/12/4,12.4,16.4,9.4,37
2010/12/5,11.7,16.3,7.2,53
2010/12/6,12.9,16.7,9.4,60
2010/12/7,12.2,15.9,8.4,57
2010/12/8,9.2,13.3,6.3,49
2010/12/9,9.1,13.2,5.1,45
2010/12/10,10.6,13.1,7.4,45
2010/12/11,13.1,18.4,5.8,54
2010/12/12,11.9,14.4,9.5,44
2010/12/13,8.2,10.3,7.1,72
2010/12/14,11.2,13.9,7.5,79
2010/12/15,10.6,13.9,6.6,54
2010/12/16,6.1,7.1,4.5,57
2010/12/17,7,10.8,3.4,49
2010/12/18,8.2,13.6,3.8,45
2010/12/19,7.4,10.2,4.7,47
2010/12/20,10.7,15.9,6.3,50
2010/12/21,9.9,12.1,7.7,58
2010/12/22,13.3,17,8.6,65
2010/12/23,12.1,15,7.8,37
2010/12/24,8.2,13.6,4.1,41
2010/12/25,5.6,9.7,2.2,36
2010/12/26,6.7,10.7,3.4,35
2010/12/27,7.2,11.3,2.5,30
2010/12/28,7.2,11.5,2.1,46
2010/12/29,8.1,12.6,5.2,40
2010/12/30,4.9,7.6,3.4,51
2010/12/31,5.8,10.5,2.5,39
2011/1/1,6.6,10.8,2.2,33
2011/1/2,7,11,4.1,41
2011/1/3,5.9,9.2,3.1,48
2011/1/4,6.3,9.8,3.3,40
2011/1/5,7.3,11,2.8,39
2011/1/6,6.5,10.8,3.1,34
2011/1/7,4,7.3,1.8,25
2011/1/8,5.9,10,1,33
2011/1/9,6.1,12.2,0.6,46
2011/1/10,3.4,6.1,1.4,27
2011/1/11,3.8,6.4,0.5,31
2011/1/12,5.1,9.5,1.9,37
2011/1/13,4.4,7.7,2.4,28
2011/1/14,3.8,7.3,0,36
2011/1/15,4,7.4,0.2,52
2011/1/16,2.2,5.9,-1.1,39
2011/1/17,5,11,-0.2,26
2011/1/18,5.5,10.6,0.1,36
2011/1/19,6.3,10.6,1.7,41
2011/1/20,5.4,10.1,2.2,31
2011/1/21,5,8.5,2.3,28
2011/1/22,6,10.4,2.6,34
2011/1/23,5.7,9.4,2.4,42
2011/1/24,5.1,8.2,2.5,65
2011/1/25,5.9,10.2,2.9,34
2011/1/26,5.3,9.7,1.4,37
2011/1/27,5.5,10.5,0.9,28
2011/1/28,3.7,8,0.4,30
2011/1/29,4.2,7.6,1.4,40
2011/1/30,2.9,6.1,0.6,34
2011/1/31,2.9,7.4,-1,28
2011/2/1,5.9,12.7,-0.8,30
2011/2/2,5.8,9,2.4,42
2011/2/3,7.4,11.9,2,46
2011/2/4,8.8,13.8,3.8,40
2011/2/5,8.1,11.4,3.8,48
2011/2/6,8.3,12.2,5.5,56
2011/2/7,8.2,13.8,4.5,42
2011/2/8,5.8,7.8,3.5,37
2011/2/9,5,9.1,1.2,70
2011/2/10,6.5,9.6,4.1,31
2011/2/11,2,5.5,0.8,74
2011/2/12,2.1,3.9,0.8,76
2011/2/13,4.7,8.7,-0.2,41
2011/2/14,3.3,6.6,0.3,57
2011/2/15,5.3,10.3,0.7,58
2011/2/16,6.8,12.2,1.6,49
2011/2/17,10,14.6,5.6,59
2011/2/18,9.1,14.5,5.3,54
2011/2/19,6.1,8.7,3.7,41
2011/2/20,7,9.1,5,56
2011/2/21,7.1,9.9,4.6,51
2011/2/22,6.5,11.2,3.1,55
2011/2/23,8.4,13,3.9,57
2011/2/24,11.4,14.2,8,67
2011/2/25,14.1,20.8,6.8,49
2011/2/26,7.2,10.8,3.8,32
2011/2/27,10.4,18.7,4.1,47
2011/2/28,4.9,9.5,2.2,78
2011/3/1,5.8,7.8,4.4,73
2011/3/2,6.8,10.3,2.6,51
2011/3/3,4.4,8.1,1.8,29
2011/3/4,4.6,8.3,1.9,25
2011/3/5,7.4,11.5,1.6,35
2011/3/6,9.3,15,2.9,42
2011/3/7,4.5,9.3,1,74
2011/3/8,6.9,10,2.6,59
2011/3/9,7.4,12,3.7,45
2011/3/10,6.2,10,2.7,29
2011/3/11,6.5,11.3,2.9,34
2011/3/12,8.2,12.9,2.3,40
2011/3/13,11.3,15.9,5.2,49
2011/3/14,14.1,20.2,6.7,55
2011/3/15,10.9,14,9.2,58
2011/3/16,7.5,13,3.5,43
2011/3/17,4.6,8.9,1.8,24
2011/3/18,6.1,10.1,1.2,32
2011/3/19,12.3,18.2,6.7,41
2011/3/20,13.7,17,9.4,48
2011/3/21,9.6,13.4,7.3,75
2011/3/22,6.9,7.6,5.7,79
2011/3/23,6.4,10,2.7,63
2011/3/24,5.4,8.1,2.9,47
2011/3/25,8.1,13.4,3.5,52
2011/3/26,7.4,11.6,4.3,39
2011/3/27,7.4,12,2.9,31
2011/3/28,8.6,12.7,4.4,37
2011/3/29,10.9,15.3,5.2,42
2011/3/30,11.6,16.5,6.7,46
2011/3/31,9.7,15.5,5.8,49
2011/4/1,11.2,15.7,6.6,42
2011/4/2,13.4,18.4,9.1,43
2011/4/3,7.9,9.9,6.9,39
2011/4/4,9,13.9,5.9,35
2011/4/5,10.1,15.4,4.3,28
2011/4/6,13.7,19.1,7.7,35
2011/4/7,15.7,20.6,10.3,46
2011/4/8,17.2,18.7,15.5,50
2011/4/9,16.1,18,12.3,74
2011/4/10,13.7,17.7,10.3,57
2011/4/11,13.7,19.3,8.6,64
2011/4/12,11.4,15.7,7.6,29
2011/4/13,14.3,20.5,7.1,39
2011/4/14,16.7,22.1,11.1,41
2011/4/15,18.4,22.5,13.7,51
2011/4/16,18.6,24.6,12.9,53
2011/4/17,13.6,17.6,9.6,41
2011/4/18,14.9,17.4,12.5,55
2011/4/19,10.8,18.1,7.3,72
2011/4/20,10.9,16.7,6.5,53
2011/4/21,12.4,16.2,8.8,65
2011/4/22,15.5,18.8,11.4,64
2011/4/23,16.5,17.9,14.8,81
2011/4/24,16.1,20,11.4,47
2011/4/25,15,20.1,10.9,48
2011/4/26,16.2,21,11.3,41
2011/4/27,20.1,24.4,14.9,62
2011/4/28,19.8,24.8,14.3,49
2011/4/29,15.1,19.1,12,48
2011/4/30,17.6,22.2,12.3,54
2011/5/1,18.4,21.1,15.4,64
2011/5/2,19.6,24.2,14.4,42
2011/5/3,15.8,18.2,13.5,61
2011/5/4,17.3,21.7,13.3,59
2011/5/5,15.1,17.2,13,59
2011/5/6,16,19.6,12.4,65
2011/5/7,17,18.4,15.4,79
2011/5/8,20.6,25.9,14.5,55
2011/5/9,19.7,23.8,14.8,45
2011/5/10,22.8,27.2,18.4,63
2011/5/11,15.2,18.5,13.9,80
2011/5/12,15.6,16.8,13.9,85
2011/5/13,19.8,24.4,16.1,75
2011/5/14,20.1,25.1,14.3,47
2011/5/15,20.5,25.6,13.9,30
2011/5/16,20.3,23.5,16.9,47
2011/5/17,18.2,21.7,15.3,66
2011/5/18,19.4,23.7,15.2,59
2011/5/19,20.9,25.7,15.4,53
2011/5/20,22,26.7,18.2,56
2011/5/21,22.8,27.6,19.3,62
2011/5/22,20.8,29.6,15.2,71
2011/5/23,15.6,18.3,12.8,66
2011/5/24,14.6,18.1,12.2,71
2011/5/25,18.7,23.8,12.9,55
2011/5/26,19.3,22.3,16.1,65
2011/5/27,18.8,20.6,17.1,69
2011/5/28,18.4,19.7,17.1,88
2011/5/29,18,19.1,16.2,88
2011/5/30,17.4,21.7,16.1,70
2011/5/31,15.2,18.7,12.2,55
2011/6/1,15.2,18.5,12.1,57
2011/6/2,16,17.4,14.3,81
2011/6/3,19.8,24,15.2,70
2011/6/4,22.1,26.3,18.8,69
2011/6/5,22.2,25.7,18.3,70
2011/6/6,22.9,28.6,17.4,60
2011/6/7,21.6,24,20.2,68
2011/6/8,19.7,22.7,17.4,75
2011/6/9,21.8,25.6,18.3,64
2011/6/10,22.8,24.9,20.6,74
2011/6/11,22.2,25.1,20.9,79
2011/6/12,23.2,26.2,20.8,68
2011/6/13,20.9,23.5,18.2,79
2011/6/14,21.7,24.6,19.7,72
2011/6/15,21.3,23.5,19.6,58
2011/6/16,21.1,23.7,18.4,72
2011/6/17,19.2,21,17.7,85
2011/6/18,20.3,22.2,18.8,78
2011/6/19,21.8,24.5,19.4,75
2011/6/20,23.9,26.5,21.5,75
2011/6/21,25.5,29.8,23,70
2011/6/22,27.2,31.9,21.8,66
2011/6/23,28.2,32.2,25.7,66
2011/6/24,29.1,32.7,26.1,61
2011/6/25,24.3,27.9,20.4,70
2011/6/26,21.3,22.7,19.8,81
2011/6/27,22.3,23.8,20.4,83
2011/6/28,27.3,31.9,22.7,70
2011/6/29,29.8,35.1,25.3,60
2011/6/30,28.7,33.6,25.2,63
2011/7/1,28.7,33.9,24.8,63
2011/7/2,26.5,28.9,24.4,72
2011/7/3,27.6,31.1,24.1,69
2011/7/4,29.6,34.3,26.9,63
2011/7/5,28,32.3,24.3,67
2011/7/6,28,32.5,25.4,61
2011/7/7,26.8,29.7,23.6,69
2011/7/8,28.6,31.4,26.5,67
2011/7/9,29.4,32.5,27.3,67
2011/7/10,29.3,33.6,26.4,64
2011/7/11,29.2,33.8,26.1,67
2011/7/12,28.7,32.3,26.2,68
2011/7/13,28.6,32.7,26.4,65
2011/7/14,28.9,33.4,25.9,62
2011/7/15,29.4,33.7,25.9,60
2011/7/16,29,33.3,26.4,65
2011/7/17,29.6,34.1,26.1,62
2011/7/18,30.1,34.8,27.4,64
2011/7/19,27.9,28.7,26.5,78
2011/7/20,25.9,28.7,21.1,79
2011/7/21,20.7,23.6,18.2,68
2011/7/22,21,24.2,18,57
2011/7/23,23.1,27.5,18.9,62
2011/7/24,26,30.3,22.7,65
2011/7/25,27.6,31.5,25.1,66
2011/7/26,27.5,30.4,25.4,66
2011/7/27,28.3,31.8,25.5,66
2011/7/28,26.4,29.6,24.1,77
2011/7/29,26.5,29.4,25,78
2011/7/30,25.7,29.7,23.1,77
2011/7/31,23.5,25.1,22.2,77
2011/8/1,24.5,27.3,22.1,69
2011/8/2,25.5,29.1,22,69
2011/8/3,26.1,29.3,24.4,76
2011/8/4,27.4,31.1,24.3,73
2011/8/5,27.8,31.2,25.1,74
2011/8/6,29,32.3,26,70
2011/8/7,28.9,34.5,26,70
2011/8/8,29.3,33.2,25.5,67
2011/8/9,30.2,33.9,27.4,66
2011/8/10,30.5,34.6,27.4,67
2011/8/11,31,35.2,28.2,67
2011/8/12,31.2,35.1,28.1,58
2011/8/13,30,34.5,27.2,66
2011/8/14,30,33.6,27.7,68
2011/8/15,30.3,33.2,27.4,63
2011/8/16,30.3,33.6,27.4,66
2011/8/17,30.7,33.8,27.5,64
2011/8/18,31.9,36.1,28.7,59
2011/8/19,25.3,30.9,22,77
2011/8/20,23.7,25.8,22.3,72
2011/8/21,20.6,23.5,19.3,86
2011/8/22,21.2,22.9,19.5,85
2011/8/23,25.9,30.9,21.4,78
2011/8/24,28.1,32,25.6,72
2011/8/25,27.2,29.3,25.1,77
2011/8/26,26.2,31.9,22.9,78
2011/8/27,24.3,27.5,21.9,77
2011/8/28,25.6,29.8,22.1,68
2011/8/29,26,29.8,23.1,70
2011/8/30,26.3,31.7,22.7,65
2011/8/31,26.4,30.4,21.6,75
2011/9/1,28.5,31.9,26,75
2011/9/2,28.5,31.9,24.9,75
2011/9/3,28,30.4,24.3,74
2011/9/4,27.2,29.4,25.6,73
2011/9/5,26.5,29,24.5,76
2011/9/6,24.5,29.3,21.8,70
2011/9/7,24.9,29.4,20.3,60
2011/9/8,25.7,29.7,21.8,65
2011/9/9,27.8,31.4,24.1,65
2011/9/10,28.4,32.3,25.6,69
2011/9/11,27.7,30.9,25.8,72
2011/9/12,28.3,32.5,25.7,66
2011/9/13,28.3,32.3,25.6,66
2011/9/14,28.3,32.3,25.2,66
2011/9/15,28.3,32.4,25.7,66
2011/9/16,28.2,31.7,25,68
2011/9/17,28,31.4,25.5,73
2011/9/18,28.5,31.7,26.2,66
2011/9/19,25.7,31.1,19.5,72
2011/9/20,19.9,21.5,18.7,86
2011/9/21,22.2,26.3,17.3,82
2011/9/22,23.4,29.5,18.5,69
2011/9/23,20.3,22.5,19,61
2011/9/24,20.5,24.8,15.9,51
2011/9/25,20.2,23.5,17.5,59
2011/9/26,18.9,20.2,17.5,68
2011/9/27,20.2,23.7,18.1,61
2011/9/28,20.5,24.3,16.7,59
2011/9/29,21.9,25.7,17.8,58
2011/9/30,24.6,29.6,19.3,62
2011/10/1,22.2,25.1,19.6,51
2011/10/2,18.5,20.1,17.4,54
2011/10/3,18.8,22.9,15.9,36
2011/10/4,18.5,22.2,14.9,44
2011/10/5,15.9,19,14.4,80
2011/10/6,20.4,25.5,15.9,74
2011/10/7,21.1,25.6,17.9,43
2011/10/8,19.7,23.2,16.5,44
2011/10/9,20.1,22.8,17,62
2011/10/10,20.4,24.3,17.5,74
2011/10/11,21.2,25.2,18.1,60
2011/10/12,20.5,23.4,17.5,63
2011/10/13,20.5,23.7,16.9,59
2011/10/14,21.2,25.4,17.4,65
2011/10/15,24.3,26.9,21.6,75
2011/10/16,24.8,29.7,20.6,60
2011/10/17,21.5,24.6,18.5,62
2011/10/18,19.1,21.1,16.5,58
2011/10/19,15.9,17.5,14.9,60
2011/10/20,17.7,20.8,14,61
2011/10/21,18.3,21.2,16.5,72
2011/10/22,19.5,23,16.3,85
2011/10/23,22.7,25.9,20.4,76
2011/10/24,20.7,22.7,19.4,77
2011/10/25,21.8,26.9,18.4,64
2011/10/26,16.7,20.3,13.4,36
2011/10/27,15.2,19.3,11.7,45
2011/10/28,15.5,19.9,11.2,57
2011/10/29,16,20.9,11.6,62
2011/10/30,16.9,19.6,14.4,63
2011/10/31,18.7,23.4,15.3,60
2011/11/1,17.7,21.4,14.3,50
2011/11/2,17.2,21,12.9,63
2011/11/3,18.4,21.3,15.6,59
2011/11/4,18.4,22,14.8,68
2011/11/5,18.9,22.2,15.2,74
2011/11/6,18.1,19.5,17.2,84
2011/11/7,18.6,22.7,15.9,71
2011/11/8,15.7,17.8,13.9,61
2011/11/9,14.3,16.6,11.7,51
2011/11/10,14.1,16.2,11.9,57
2011/11/11,12.4,14.4,11.2,77
2011/11/12,16.4,20.4,12.9,73
2011/11/13,17.8,21.7,13.6,69
2011/11/14,16.9,20.7,13.2,64
2011/11/15,14,16.4,11.8,55
2011/11/16,12.6,15.8,9.7,41
2011/11/17,14.5,19.7,9.5,36
2011/11/18,12.6,14.3,10.5,55
2011/11/19,16.3,22,12.1,83
2011/11/20,17.4,22.1,13.5,68
2011/11/21,12.6,16.5,9.3,43
2011/11/22,11.1,14.7,7.2,45
2011/11/23,12.4,15.6,8.6,58
2011/11/24,13.3,18.6,9.5,47
2011/11/25,11.4,15.7,8.1,36
2011/11/26,10.9,13.7,7.4,41
2011/11/27,11,14.9,7.2,50
2011/11/28,12.1,14.7,8.8,53
2011/11/29,14.4,17.7,11.7,52
2011/11/30,14.6,19.4,11.2,66
2011/12/1,7.8,11.6,5.5,73
2011/12/2,6.1,7.4,4.2,65
2011/12/3,11.1,18.9,6.7,85
2011/12/4,13.4,16.3,10.3,41
2011/12/5,11,16.3,8.3,42
2011/12/6,8,9.8,6.5,56
2011/12/7,9.8,13,6.7,61
2011/12/8,8,9.3,6.5,70
2011/12/9,5.5,7.4,2.7,66
2011/12/10,7.3,11.4,2.4,44
2011/12/11,8.1,14,2.6,49
2011/12/12,9.7,15,4.6,54
2011/12/13,9.7,13.5,6.4,47
2011/12/14,7.9,9.9,5.2,56
2011/12/15,10.4,16.5,5.2,61
2011/12/16,9,12.8,4.1,46
2011/12/17,6.1,10.4,2.8,34
2011/12/18,7,11.9,2,41
2011/12/19,6.5,9.5,3.4,49
2011/12/20,7,11.1,4,38
2011/12/21,5.8,8.5,2.9,47
2011/12/22,5.8,8,3.9,57
2011/12/23,6,8.2,3.8,33
2011/12/24,5.5,8.8,2.9,38
2011/12/25,5.2,8.7,2.1,38
2011/12/26,4.9,9.1,1.5,32
2011/12/27,5.2,9.2,1.8,29
2011/12/28,6.2,9.3,3.9,31
2011/12/29,6,10,2.1,46
2011/12/30,6.2,9.7,3.9,29
2011/12/31,5.6,10,1.8,36
2012/1/1,5.7,9.2,2.9,43
2012/1/2,6,10.9,3,45
2012/1/3,6.6,10.4,3.8,29
2012/1/4,5.4,9.4,2,39
2012/1/5,5.5,9.7,1.9,28
2012/1/6,6.3,9.8,2.9,35
2012/1/7,5.7,9.1,3.1,33
2012/1/8,5.8,9.6,2.6,29
2012/1/9,5.9,9.4,2.8,44
2012/1/10,6.7,9.8,2.5,47
2012/1/11,5.8,11.1,2.1,46
2012/1/12,3.8,7.2,0.7,28
2012/1/13,5.6,11,0,39
2012/1/14,5.1,8.9,2.5,33
2012/1/15,4.5,6.5,2.3,38
2012/1/16,4.5,5.6,3,35
2012/1/17,4.9,7.9,2.7,39
2012/1/18,5.4,9.1,1.5,43
2012/1/19,6.2,10.2,2.5,50
2012/1/20,2.8,5.7,1.9,79
2012/1/21,3.4,3.7,2.7,77
2012/1/22,5.3,8,3.2,78
2012/1/23,5,8.2,0.6,77
2012/1/24,3,5,0.8,51
2012/1/25,4.1,9.3,-0.1,53
2012/1/26,3.2,6.4,0.5,40
2012/1/27,3.2,8,-1,42
2012/1/28,2.6,6.1,-0.1,36
2012/1/29,2.9,6.8,1,29
2012/1/30,3.7,6.4,1.2,26
2012/1/31,4.1,8.1,0.2,35
2012/2/1,6,12.4,0.1,37
2012/2/2,2.6,6,0.7,24
2012/2/3,2.8,6.7,-1,32
2012/2/4,5.5,10.8,-1,33
2012/2/5,6.1,9,2.6,41
2012/2/6,4.9,5.9,3.8,67
2012/2/7,7.7,10,5,82
2012/2/8,6.6,9.9,3.8,40
2012/2/9,4.7,8.1,0.4,28
2012/2/10,5.7,9.4,2.1,42
2012/2/11,5.4,9.1,1.1,43
2012/2/12,5,9.5,1.2,33
2012/2/13,5.8,9.2,1.8,40
2012/2/14,5.2,6.9,3.7,73
2012/2/15,7.6,12.7,4.9,62
2012/2/16,3.3,5.6,1.7,54
2012/2/17,3.7,8.8,1.1,67
2012/2/18,2.5,6.4,0,41
2012/2/19,3.3,7.6,-0.6,37
2012/2/20,5.8,10.4,0.7,41
2012/2/21,8.1,12.6,2.9,36
2012/2/22,7.9,9.8,5.8,53
2012/2/23,7.8,11.5,5.1,81
2012/2/24,11.5,15.4,8.3,42
2012/2/25,5.8,10.2,3.6,83
2012/2/26,6,9.2,4,49
2012/2/27,4.7,9.2,1.9,28
2012/2/28,3.7,6.9,0.3,41
2012/2/29,2.3,5.4,0.7,86
2012/3/1,8.2,12.4,3.3,76
2012/3/2,7.3,10.4,4,85
2012/3/3,7.1,11.6,3.8,65
2012/3/4,5.5,6.6,3.5,64
2012/3/5,5.7,10.1,2.5,91
2012/3/6,11.4,15.1,8,87
2012/3/7,12.6,15.7,11,72
2012/3/8,9.6,11.1,7.9,66
2012/3/9,7.3,9.7,5.3,89
2012/3/10,5.3,7.6,2,83
2012/3/11,7.4,11.1,4.1,69
2012/3/12,7.2,12.6,2.9,37
2012/3/13,6.8,10.7,3.4,34
2012/3/14,7.2,10.4,3.2,51
2012/3/15,7.9,13.6,3.6,45
2012/3/16,7.7,11.1,3.3,42
2012/3/17,6.8,10.3,4.6,84
2012/3/18,9.6,11.8,6.5,89
2012/3/19,9.1,12.2,6.4,40
2012/3/20,8.2,12.1,4.2,39
2012/3/21,8.1,11.6,4.9,27
2012/3/22,10.1,14.8,4.2,38
2012/3/23,9.9,12.2,7.8,70
2012/3/24,8.4,11.6,5.9,79
2012/3/25,9.1,13.8,5.1,45
2012/3/26,8.2,12.1,4.6,31
2012/3/27,9.6,14,4.4,40
2012/3/28,11.2,17.1,5.9,47
2012/3/29,11.7,16.3,7,37
2012/3/30,15.3,19.4,11.6,52
2012/3/31,14.1,18.9,8.4,60
2012/4/1,10,14.7,5.8,35
2012/4/2,10.8,14.9,6.6,46
2012/4/3,14,17.7,9.7,69
2012/4/4,11.9,15.2,8.9,30
2012/4/5,14.8,20.8,10.2,37
2012/4/6,10.7,16,8,49
2012/4/7,8.8,13.8,5.1,31
2012/4/8,9.5,13.5,5.1,40
2012/4/9,16.6,23.8,8,41
2012/4/10,16.4,19.2,13.1,47
2012/4/11,15.7,18.3,12.8,76
2012/4/12,17.4,23,11.3,59
2012/4/13,17.2,23,12.7,61
2012/4/14,9.9,12.8,8.8,87
2012/4/15,11.8,16.3,8.7,65
2012/4/16,13.1,16.6,8.6,64
2012/4/17,14.9,19.1,12,71
2012/4/18,15,19.9,11.2,64
2012/4/19,14.2,17.6,11.8,68
2012/4/20,13.3,16.7,11.4,66
2012/4/21,11.8,14.6,10.1,67
2012/4/22,11.3,13.1,9.3,77
2012/4/23,13.4,15.7,10.5,94
2012/4/24,18.3,24.3,14.1,72
2012/4/25,18.4,22.6,15.6,68
2012/4/26,18.3,21.3,16.5,77
2012/4/27,16.6,17.6,15.7,94
2012/4/28,18.3,23.2,15.6,78
2012/4/29,20.6,26,14.9,69
2012/4/30,20.7,23.3,19,74
2012/5/1,20.5,22.8,19,74
2012/5/2,18.8,20.9,16.9,84
2012/5/3,17.9,19.2,16.7,95
2012/5/4,18.6,21.9,17.1,87
2012/5/5,21.2,26.2,16,54
2012/5/6,19.7,26.2,16,70
2012/5/7,18.5,22.2,14,61
2012/5/8,20.5,25,15.8,63
2012/5/9,19.3,22.4,15.7,78
2012/5/10,17.1,23.3,14.3,65
2012/5/11,17.4,21.9,13.8,42
2012/5/12,16.3,21,12.8,38
2012/5/13,17,22.3,11.9,42
2012/5/14,19.7,24.6,14.9,62
2012/5/15,18.7,20.6,17.2,86
2012/5/16,22,27.2,16.8,58
2012/5/17,21.6,26.9,18.2,67
2012/5/18,18.8,23.4,15.2,58
2012/5/19,20.3,25.2,14.7,49
2012/5/20,21.3,24.8,18.6,54
2012/5/21,20.2,23.9,16.5,63
2012/5/22,14.6,16.6,13.1,85
2012/5/23,18.7,25,13.3,73
2012/5/24,22,27.1,17.6,65
2012/5/25,20.4,22.1,18.3,72
2012/5/26,21,25,17.4,56
2012/5/27,22.5,27,19.3,53
2012/5/28,21.4,25,17.6,67
2012/5/29,20.7,25,16.9,74
2012/5/30,20.1,24,16.5,67
2012/5/31,20.3,24,17.2,68
2012/6/1,21.3,25.9,19.3,73
2012/6/2,21.6,25.9,18,68
2012/6/3,20.3,24.2,17,74
2012/6/4,22.1,26.5,17.7,64
2012/6/5,21.7,23.5,20.5,69
2012/6/6,19.4,21.5,17.3,74
2012/6/7,21.1,24.7,17.1,67
2012/6/8,23.5,27.8,19.5,71
2012/6/9,19,21.8,18,90
2012/6/10,21.9,27.9,18.2,73
2012/6/11,20,23.3,17.5,74
2012/6/12,16.9,18.7,15.8,83
2012/6/13,17.4,21,15.2,75
2012/6/14,18.6,23.6,15.7,66
2012/6/15,20.3,24.8,16,68
2012/6/16,20.2,21.5,19.3,89
2012/6/17,23.3,27.8,19.7,80
2012/6/18,24.5,27.6,22.2,64
2012/6/19,23.9,27.2,22.6,84
2012/6/20,26.9,30.2,22.4,69
2012/6/21,23.7,26.5,21.5,72
2012/6/22,21.1,23.1,18.2,84
2012/6/23,22.2,24.9,20.6,73
2012/6/24,22.6,26.1,19.6,73
2012/6/25,18.4,20,17.1,72
2012/6/26,19.5,23.6,15.8,59
2012/6/27,20.6,25.1,15.9,64
2012/6/28,22.5,25.3,19.4,71
2012/6/29,23.4,27.2,20.9,68
2012/6/30,23.3,27.5,20.4,68
2012/7/1,21.9,24.7,19.7,73
2012/7/2,22.8,27,19.3,81
2012/7/3,23.5,27.7,21.7,82
2012/7/4,24.8,29,21.1,77
2012/7/5,26.7,29.4,24.2,74
2012/7/6,25.3,28.8,22.8,81
2012/7/7,23,25.1,20.8,91
2012/7/8,22.6,26.6,19.9,79
2012/7/9,24.9,28.9,20.4,69
2012/7/10,26.5,31,23.4,71
2012/7/11,27,30.9,23.5,73
2012/7/12,26.7,27.4,25.6,82
2012/7/13,27.4,31,24.7,81
2012/7/14,28.6,33,24.7,75
2012/7/15,29.1,32.7,26.9,71
2012/7/16,29.5,33,27,67
2012/7/17,29.9,34.4,27,68
2012/7/18,28.5,32.1,25.7,74
2012/7/19,28.2,35.1,21.9,70
2012/7/20,20.5,22.2,18.2,79
2012/7/21,19.6,21.9,17.4,82
2012/7/22,20.8,23.3,18.8,85
2012/7/23,25.1,29,21,76
2012/7/24,27.8,31.8,23.8,72
2012/7/25,29.5,33.2,25.4,71
2012/7/26,30.8,35.4,26.8,70
2012/7/27,30,34.2,27.1,74
2012/7/28,30.1,33.3,27.5,72
2012/7/29,29.5,33.1,27.3,74
2012/7/30,29.6,33.3,27.3,70
2012/7/31,29,33.9,26.5,68
2012/8/1,29.4,33.1,27.1,71
2012/8/2,30.2,34.7,27.2,66
2012/8/3,29.8,34,27.3,67
2012/8/4,28.6,31.8,26.1,74
2012/8/5,29.8,34.2,26.6,71
2012/8/6,27.4,29.4,25.3,82
2012/8/7,28.7,32.4,25.5,71
2012/8/8,25.8,29.6,23.4,66
2012/8/9,25.9,30.2,22.9,61
2012/8/10,27.1,31.2,23.8,69
2012/8/11,28.8,31.6,27.2,75
2012/8/12,27.6,30.9,25.2,79
2012/8/13,29.8,34.5,26.3,71
2012/8/14,28.6,30.6,26.4,76
2012/8/15,29.1,33.4,25.9,74
2012/8/16,30.1,34.5,27.5,69
2012/8/17,30.5,35.7,27.5,69
2012/8/18,28,30.8,25.5,77
2012/8/19,29,33.1,26.4,68
2012/8/20,29.1,33,25,67
2012/8/21,29.7,34,26.5,67
2012/8/22,29.6,33.5,27,70
2012/8/23,30.1,34.2,26.8,66
2012/8/24,30,35.2,27,63
2012/8/25,29.9,34.4,27,65
2012/8/26,30.1,34.8,26.8,63
2012/8/27,30,35,27,64
2012/8/28,29.6,33.8,27.3,65
2012/8/29,29.1,32.5,26.7,68
2012/8/30,30.2,35.6,26.9,69
2012/8/31,29.6,33.8,27.6,70
2012/9/1,27.9,31.4,24.3,72
2012/9/2,25.8,28.6,23.7,81
2012/9/3,26.9,30.6,24.2,73
2012/9/4,27.3,31.4,24.1,78
2012/9/5,28.6,33.2,24.6,69
2012/9/6,27.3,32.9,23.7,76
2012/9/7,27.6,31.4,23.8,69
2012/9/8,28.1,32.5,25.8,74
2012/9/9,28.8,32.8,26.2,68
2012/9/10,28.9,33.1,26.3,68
2012/9/11,28.7,33.5,25.6,64
2012/9/12,28.1,32.9,24.4,61
2012/9/13,28.8,33.8,25.3,62
2012/9/14,28.8,32.1,26.4,66
2012/9/15,28.3,32.3,26.2,72
2012/9/16,28.3,31.7,26.1,75
2012/9/17,27.9,30.7,25.1,78
2012/9/18,28,31.8,24.8,77
2012/9/19,26.7,29.1,23.6,84
2012/9/20,27.6,31,24.8,72
2012/9/21,24.7,26.9,23.1,79
2012/9/22,22.3,25.2,20,82
2012/9/23,20.3,22.5,18.5,89
2012/9/24,23.2,28.1,19,72
2012/9/25,20.4,22.4,18,80
2012/9/26,21.8,25.5,18.7,66
2012/9/27,21.2,24.8,18.4,61
2012/9/28,22.3,25.1,19.6,70
2012/9/29,24.9,28.1,21.8,74
2012/9/30,25.7,29.5,22.3,75
2012/10/1,26.9,31,24.7,63
2012/10/2,23.7,26.5,21.8,75
2012/10/3,20.7,22.7,18.4,83
2012/10/4,22.5,27.3,18.3,70
2012/10/5,23.8,28.1,20.1,74
2012/10/6,24,27.9,20.7,78
2012/10/7,19.1,20.9,17.1,79
2012/10/8,19.8,23.1,17.7,65
2012/10/9,19.1,22.6,16.6,63
2012/10/10,19.2,23,15.6,65
2012/10/11,20.8,25,17.6,72
2012/10/12,20.9,24.7,16.9,50
2012/10/13,20.7,24.6,17.3,39
2012/10/14,17.9,19.5,16.2,67
2012/10/15,21,25.7,16.9,62
2012/10/16,19.1,22.5,15.9,51
2012/10/17,17.7,23.4,14.7,74
2012/10/18,17.8,20.6,13.9,87
2012/10/19,16.3,20.1,12.5,64
2012/10/20,18.1,21.5,13.9,56
2012/10/21,19.1,25.5,13.6,58
2012/10/22,19.8,23.3,15.4,64
2012/10/23,20.5,25.2,15.1,74
2012/10/24,17.2,20.8,14.1,39
2012/10/25,16.6,19.3,14.1,55
2012/10/26,18.3,22.5,13.4,60
2012/10/27,18,20.8,15.9,60
2012/10/28,15.4,16.4,14.4,79
2012/10/29,17.7,22.7,14.4,61
2012/10/30,15.5,17.9,11.8,54
2012/10/31,14.9,18.7,12,65
2012/11/1,15.3,21.5,10.6,62
2012/11/2,14.9,19.1,12.4,42
2012/11/3,14,18,11.6,41
2012/11/4,14.9,19.2,11.6,41
2012/11/5,13.5,16,10.7,63
2012/11/6,14,16.1,12.6,94
2012/11/7,16.5,20.3,12.9,69
2012/11/8,15.6,20.5,10.4,53
2012/11/9,16.5,20.6,14.4,45
2012/11/10,15.7,20.1,12.9,47
2012/11/11,13.2,15.1,11.5,78
2012/11/12,15.3,19,12.1,86
2012/11/13,14.9,18,12.3,62
2012/11/14,13.6,19.2,10.1,45
2012/11/15,11.7,16.3,8,42
2012/11/16,13.3,17.2,9.1,49
2012/11/17,13.7,17.2,10.1,75
2012/11/18,12.7,17.1,9.8,49
2012/11/19,8.6,9.9,6.6,59
2012/11/20,11.8,17.9,5.7,54
2012/11/21,11.4,15,8.9,40
2012/11/22,10.9,14.3,7.9,57
2012/11/23,10.3,13.3,7.9,75
2012/11/24,10.5,12.8,8.3,62
2012/11/25,9.4,12.4,6.1,55
2012/11/26,8.8,13.2,6.6,72
2012/11/27,11,13.7,7.2,40
2012/11/28,7.2,8.5,5.7,58
2012/11/29,10.1,16,4.4,65
2012/11/30,10.5,12.4,9.4,74
2012/12/1,7.3,10.4,5.1,68
2012/12/2,5.6,8.6,3.3,55
2012/12/3,6.7,9.2,3.4,76
2012/12/4,9.9,13.5,7.8,72
2012/12/5,9.8,13.7,4.7,50
2012/12/6,11.9,18.4,7.6,44
2012/12/7,8.4,12.8,5.6,43
2012/12/8,9.3,17,4.2,42
2012/12/9,6.6,10.8,2.8,33
2012/12/10,5.4,10.4,1.2,36
2012/12/11,6.7,12,1.5,35
2012/12/12,7.2,11.2,4,37
2012/12/13,7.1,11.9,2.7,39
2012/12/14,7.3,12,2.7,48
2012/12/15,7.2,9.1,5.5,71
2012/12/16,12,18.2,5.8,52
2012/12/17,7.9,9.5,6.2,69
2012/12/18,10.4,15.6,7.2,64
2012/12/19,6.1,9,4,33
2012/12/20,6.6,10.3,3,33
2012/12/21,6.8,9.8,2.3,47
2012/12/22,6.8,11.4,3.3,69
2012/12/23,7.1,10,4.3,49
2012/12/24,5.1,8.3,3.2,39
2012/12/25,4.5,9.7,0.1,51
2012/12/26,4.4,7.5,1.3,37
2012/12/27,3.9,7.4,0.8,40
2012/12/28,4.2,7.4,0.5,60
2012/12/29,7.5,11.5,3.6,74
2012/12/30,7.2,8.7,6,90
2012/12/31,8.8,11.3,4.6,48
2013/1/1,6.5,9.6,3,45
2013/1/2,10,14.4,4.2,41
2013/1/3,5.6,9.9,1.8,33
2013/1/4,3.2,6.9,1,31
2013/1/5,2.8,4.8,0.2,44
2013/1/6,4.7,10.3,-1.4,45
2013/1/7,5.5,8.9,2.1,45
2013/1/8,6.6,11.4,2.6,58
2013/1/9,6.7,9.4,4.4,69
2013/1/10,5.5,9.1,2.9,44
2013/1/11,5.1,8.9,2.6,36
2013/1/12,4.6,8.8,1.2,45
2013/1/13,7.6,13.5,1.1,46
2013/1/14,3.5,10,0.7,85
2013/1/15,4.4,7.2,0.8,53
2013/1/16,3.6,6,1.8,59
2013/1/17,4.3,8.3,-0.2,54
2013/1/18,3.3,6.2,0.3,36
2013/1/19,5.2,9.8,-0.3,42
2013/1/20,6.1,10.4,1.8,42
2013/1/21,6.5,9.4,2.7,50
2013/1/22,6.2,9.3,3.5,71
2013/1/23,6.5,9.5,3.9,53
2013/1/24,6,9.8,2.5,74
2013/1/25,6.8,13.4,2.8,49
2013/1/26,3.8,7.4,0.9,36
2013/1/27,4.8,9.4,0.8,29
2013/1/28,5.4,10.5,1.4,44
2013/1/29,7.1,12.4,2.1,36
2013/1/30,8.1,13.6,3.9,36
2013/1/31,5.8,9.6,2.1,41
2013/2/1,7.9,12.6,2.3,60
2013/2/2,15.6,20.9,12,73
2013/2/3,9.9,13.2,6.7,37
2013/2/4,10.1,14.8,6.3,53
2013/2/5,9.5,12.4,6.1,36
2013/2/6,3.4,9,1.6,84
2013/2/7,7.1,12.7,3.2,71
2013/2/8,4.7,7.1,1.9,34
2013/2/9,4.4,8.4,1.4,32
2013/2/10,5.4,10.4,1.3,43
2013/2/11,5,9.3,2.2,39
2013/2/12,4.1,6.9,0.9,49
2013/2/13,6.7,12.3,1.1,55
2013/2/14,7.3,9.9,5,52
2013/2/15,5.4,8.3,3.5,70
2013/2/16,3.1,6,0.4,37
2013/2/17,4.1,8,0.3,32
2013/2/18,5.2,8.9,1.8,53
2013/2/19,5.5,8.9,2.7,45
2013/2/20,4.4,8.9,1.6,34
2013/2/21,4.5,9,0.9,29
2013/2/22,5.5,8.7,1.3,42
2013/2/23,6.2,10.1,3.2,33
2013/2/24,3.6,8.1,0.1,35
2013/2/25,3,8.5,-0.5,27
2013/2/26,5.5,9,1.3,40
2013/2/27,5.5,9.1,2.6,78
2013/2/28,9.9,15.7,4.1,62
2013/3/1,13.6,17.6,7.9,65
2013/3/2,8.7,12,4.8,31
2013/3/3,6.8,9.7,3.7,35
2013/3/4,6.4,9.4,4.2,54
2013/3/5,8.4,13.7,3.2,57
2013/3/6,11,16.4,4.5,40
2013/3/7,13.5,18.7,7.1,52
2013/3/8,17.7,23.2,10.8,41
2013/3/9,16.7,22.3,11.6,43
2013/3/10,13.6,25.3,5.7,48
2013/3/11,7.9,12.4,3.8,25
2013/3/12,10.7,15.7,4,42
2013/3/13,17.2,21.2,13.1,60
2013/3/14,8.3,14.3,5.9,58
2013/3/15,9.2,13.8,4.6,54
2013/3/16,12.5,17.8,7.1,46
2013/3/17,12.9,16.5,8.5,42
2013/3/18,18.3,20.7,14.5,65
2013/3/19,19.7,25,15.5,66
2013/3/20,17.4,20.8,15.1,64
2013/3/21,11.7,16.2,7.7,33
2013/3/22,13.2,18.6,7.2,46
2013/3/23,13.7,17.7,11.4,57
2013/3/24,11,13.3,9.2,68
2013/3/25,9.8,11.2,6.7,76
2013/3/26,9.4,13.2,5.5,38
2013/3/27,8.3,10.1,6.4,79
2013/3/28,15,20.5,9.6,74
2013/3/29,16,20.5,12.3,75
2013/3/30,9,12.6,7.6,72
2013/3/31,7.4,8.3,6.7,84
2013/4/1,11.2,15.2,6.9,61
2013/4/2,10.6,12.6,8.3,89
2013/4/3,13.7,16.6,11.3,76
2013/4/4,17.2,21.4,10.8,58
2013/4/5,18.1,22.5,13.5,67
2013/4/6,17.4,20.7,15.3,77
2013/4/7,17.7,23.1,11.9,59
2013/4/8,14.7,20.2,10.5,27
2013/4/9,16.9,21.7,10.7,43
2013/4/10,13.6,17.9,8,54
2013/4/11,9.7,13.6,6,64
2013/4/12,11.4,15.7,6.5,49
2013/4/13,12.3,16.2,7.4,50
2013/4/14,16.6,20.6,10,50
2013/4/15,17.2,22.6,12.7,54
2013/4/16,16.4,21.4,11.4,55
2013/4/17,20.9,23.3,16.4,57
2013/4/18,19.9,23.4,16.2,67
2013/4/19,14.5,19.9,10.2,43
2013/4/20,9.2,11.5,6,56
2013/4/21,7.4,10.2,5.3,77
2013/4/22,11.8,17.3,6.8,32
2013/4/23,14.3,18.7,7.9,42
2013/4/24,16.8,18,15.5,74
2013/4/25,18,22.8,13.4,49
2013/4/26,17.5,22.6,12.3,61
2013/4/27,15.8,21.2,11.2,34
2013/4/28,16.8,20.5,12.8,28
2013/4/29,17.9,21.7,12.1,39
2013/4/30,19.6,21.9,15.9,62
2013/5/1,14.5,18.7,12,64
2013/5/2,14.6,19.7,10.6,40
2013/5/3,14.8,19.1,11.1,44
2013/5/4,16.2,20.3,11.3,54
2013/5/5,18.1,22.9,14.1,48
2013/5/6,20.1,25.3,14.5,52
2013/5/7,15.5,20.4,10.7,31
2013/5/8,17.3,23.7,10.5,29
2013/5/9,19.5,24.8,14.4,47
2013/5/10,22.4,28.5,16.2,54
2013/5/11,18.9,20.8,17.3,82
2013/5/12,19.9,25.3,16.4,72
2013/5/13,19.2,23.7,15.8,76
2013/5/14,22.8,27.8,17.7,65
2013/5/15,20.7,25.5,16.9,70
2013/5/16,20.5,26.7,15.2,66
2013/5/17,18,23.6,12.9,61
2013/5/18,19.9,24.5,16.1,63
2013/5/19,20.1,23.4,16.8,63
2013/5/20,19.1,21,16.8,93
2013/5/21,23.2,26.5,20.2,72
2013/5/22,22.3,26.6,19,70
2013/5/23,22.5,26.2,19.9,52
2013/5/24,22.2,28.2,15.7,47
2013/5/25,18.2,22.9,14.2,67
2013/5/26,21.7,26.6,18.8,71
2013/5/27,22.3,26.1,19.8,64
2013/5/28,22.2,25.4,20.5,65
2013/5/29,22,24.4,20.7,71
2013/5/30,21.4,22.7,20.2,88
2013/5/31,22.6,27.2,18.7,56
2013/6/1,20.3,26,16.6,59
2013/6/2,18.3,23.3,14.7,66
2013/6/3,20,24.9,14.7,62
2013/6/4,23.2,29.1,18.7,61
2013/6/5,22.8,27.7,20,69
2013/6/6,22.6,25.3,20.7,66
2013/6/7,22.2,25.4,20.5,65
2013/6/8,22.3,27.7,18.7,65
2013/6/9,23.6,29.1,19.3,65
2013/6/10,23.6,27.5,21.5,69
2013/6/11,21.4,23,19.8,76
2013/6/12,21.1,24.1,19.3,90
2013/6/13,21.4,22.5,20.7,93
2013/6/14,23.5,27,20.5,88
2013/6/15,26,29.9,23.1,77
2013/6/16,22.9,25.2,21.2,86
2013/6/17,24.6,29.3,20.7,77
2013/6/18,26.9,30.2,23.8,73
2013/6/19,26.7,28,23.9,75
2013/6/20,22.3,24.3,20.8,88
2013/6/21,21.8,24,19.7,88
2013/6/22,22.8,26.4,18.7,75
2013/6/23,23.4,27.9,19.5,75
2013/6/24,23.3,27.7,19.7,76
2013/6/25,24.1,26.3,22.5,76
2013/6/26,21.8,23.7,19.5,87
2013/6/27,23,27.5,19,65
2013/6/28,22.4,25.5,19.3,72
2013/6/29,24,28.5,21.2,71
2013/6/30,24.2,27.8,22,73
2013/7/1,23.8,26.1,22.3,71
2013/7/2,24.3,27.9,22,66
2013/7/3,24.1,27.4,22.3,72
2013/7/4,25.2,27.3,23.2,83
2013/7/5,26.8,28.9,24.2,82
2013/7/6,29.2,33.7,26.8,71
2013/7/7,29.5,35.4,25.8,73
2013/7/8,29.4,35.3,25.7,72
2013/7/9,30.1,35.4,25.7,69
2013/7/10,30.2,35.3,26.9,69
2013/7/11,30.3,34.5,27.4,69
2013/7/12,30.9,34.9,27.8,65
2013/7/13,30.7,34.4,27.9,66
2013/7/14,29.3,34.6,24.8,71
2013/7/15,28.5,35.1,22.5,65
2013/7/16,25.3,29.1,21.6,67
2013/7/17,24.6,29.1,22.1,77
2013/7/18,27.7,31.8,23.8,75
2013/7/19,25.4,30.5,21.4,67
2013/7/20,23.9,28.3,21.1,66
2013/7/21,24.8,29,21,62
2013/7/22,26.5,30.4,23.5,77
2013/7/23,28,35.2,25.2,76
2013/7/24,25.4,27.1,24.3,85
2013/7/25,26.7,29.3,24.1,80
2013/7/26,28.4,32.3,25.5,76
2013/7/27,27.6,33.1,22.3,77
2013/7/28,27.3,31.8,22.9,71
2013/7/29,26.3,27.3,24.9,83
2013/7/30,27.8,31.2,25,78
2013/7/31,27.4,30.7,25.2,77
2013/8/1,27.5,32.8,24.2,80
2013/8/2,25.6,29.1,23,73
2013/8/3,26.7,30.8,23.5,68
2013/8/4,27.8,31.3,25.4,75
2013/8/5,29.1,32.2,26.9,74
2013/8/6,28.7,32,25.4,80
2013/8/7,30,34.5,26,66
2013/8/8,30.3,34.1,27.3,69
2013/8/9,31,34.5,27.7,75