date,max,min,sum
2008-01-01,3358,2433,69028
2008-01-02,3479,2349,70410
2008-01-03,3593,2392,72254
2008-01-04,4037,2415,79576
2008-01-05,4120,2526,82950
2008-01-06,4000,2626,79664
2008-01-07,4843,2629,95284
2008-01-08,4690,2905,94980
2008-01-09,4693,2874,94899
2008-01-10,4796,2951,96501
2008-01-11,4777,2989,96811
2008-01-12,4586,2857,93524
2008-01-13,4409,2818,87627
2008-01-14,4756,2851,94656
2008-01-15,5135,3000,102328
2008-01-16,4995,3054,100723
2008-01-17,5277,3073,103623
2008-01-18,5278,3151,107030
2008-01-19,4666,3157,97419
2008-01-20,4451,2968,90095
2008-01-21,5300,2854,103722
2008-01-22,5224,3130,104962
2008-01-23,5502,3096,109861
2008-01-24,5247,3125,104276
2008-01-25,5196,3233,105717
2008-01-26,4661,3193,97475
2008-01-27,4489,2997,90041
2008-01-28,5221,2978,103912
2008-01-29,5262,3104,105936
2008-01-30,4830,3111,99333
2008-01-31,5043,3052,100950
2008-02-01,4986,3146,101748
2008-02-02,4541,3090,95150
2008-02-03,4770,2924,95517
2008-02-04,5048,2993,101995
2008-02-05,4983,3175,102419
2008-02-06,5407,3133,108206
2008-02-07,5079,3226,103767
2008-02-08,5018,3203,103265
2008-02-09,4845,3176,100785
2008-02-10,4259,2935,87013
2008-02-11,4500,2840,89933
2008-02-12,5112,2907,102427
2008-02-13,5250,3171,105122
2008-02-14,5043,3255,103760
2008-02-15,4883,3175,101311
2008-02-16,4542,3120,94406
2008-02-17,4521,2955,89382
2008-02-18,5007,2966,100815
2008-02-19,4965,3174,102116
2008-02-20,4767,3167,99096
2008-02-21,4723,3049,97122
2008-02-22,4569,3037,94582
2008-02-23,4349,2909,87752
2008-02-24,4429,2913,88038
2008-02-25,4957,2942,99574
2008-02-26,4884,3050,99216
2008-02-27,4876,2971,98334
2008-02-28,4784,3093,98270
2008-02-29,4544,3052,94813
2008-03-01,4194,2935,86382
2008-03-02,4036,2779,81195
2008-03-03,4569,2733,92168
2008-03-04,4646,2922,94334
2008-03-05,4775,2962,97312
2008-03-06,4717,3062,96781
2008-03-07,4642,3004,95133
2008-03-08,4064,2974,85669
2008-03-09,3841,2772,78474
2008-03-10,4667,2636,93109
2008-03-11,4250,2902,89197
2008-03-12,4517,2793,90353
2008-03-13,4389,2856,89940
2008-03-14,4397,2788,90489
2008-03-15,3742,2698,78167
2008-03-16,3577,2505,72066
2008-03-17,4203,2494,83197
2008-03-18,4167,2695,84897
2008-03-19,4308,2701,87950
2008-03-20,4360,2740,87886
2008-03-21,4433,2782,90376
2008-03-22,3768,2738,79448
2008-03-23,3612,2557,72819
2008-03-24,4470,2481,89147
2008-03-25,4150,2781,86285
2008-03-26,4038,2696,84061
2008-03-27,4125,2702,84917
2008-03-28,4126,2697,84894
2008-03-29,3757,2690,78114
2008-03-30,3860,2516,75868
2008-03-31,4617,2537,90239
2008-04-01,4254,2803,88289
2008-04-02,4165,2774,86452
2008-04-03,4070,2747,84973
2008-04-04,4017,2732,84028
2008-04-05,3661,2681,76591
2008-04-06,3515,2490,70862
2008-04-07,4193,2471,83872
2008-04-08,4373,2707,89867
2008-04-09,4116,2741,85503
2008-04-10,4462,2716,90590
2008-04-11,4034,2752,85027
2008-04-12,3637,2655,76489
2008-04-13,3815,2463,75501
2008-04-14,4182,2516,84468
2008-04-15,4006,2726,83821
2008-04-16,4027,2703,83753
2008-04-17,4168,2678,85013
2008-04-18,4211,2710,87243
2008-04-19,3731,2650,77946
2008-04-20,3547,2428,71524
2008-04-21,3975,2452,81133
2008-04-22,3980,2643,82936
2008-04-23,4002,2667,82898
2008-04-24,4067,2654,84135
2008-04-25,3894,2628,82088
2008-04-26,3744,2562,77242
2008-04-27,3469,2421,70401
2008-04-28,3686,2384,76358
2008-04-29,3564,2430,72916
2008-04-30,3855,2395,78541
2008-05-01,3794,2407,77750
2008-05-02,3764,2386,77004
2008-05-03,3305,2286,67651
2008-05-04,3252,2165,65026
2008-05-05,3320,2172,66472
2008-05-06,3460,2194,68878
2008-05-07,4019,2342,79919
2008-05-08,3990,2545,81957
2008-05-09,3999,2601,82416
2008-05-10,3735,2550,78071
2008-05-11,3544,2406,71933
2008-05-12,4082,2408,81888
2008-05-13,4178,2640,86428
2008-05-14,4248,2637,85704
2008-05-15,3918,2616,82382
2008-05-16,3980,2584,82170
2008-05-17,3584,2512,75325
2008-05-18,3444,2319,69347
2008-05-19,4015,2390,81295
2008-05-20,4115,2634,84300
2008-05-21,4033,2582,82844
2008-05-22,4209,2599,84827
2008-05-23,4445,2648,87503
2008-05-24,3716,2561,78310
2008-05-25,3625,2414,72676
2008-05-26,4368,2427,85198
2008-05-27,4292,2603,85720
2008-05-28,4225,2616,85074
2008-05-29,4085,2622,83877
2008-05-30,3994,2581,82664
2008-05-31,3657,2533,77182
2008-06-01,3452,2342,69579
2008-06-02,3981,2374,80584
2008-06-03,4067,2606,83710
2008-06-04,3948,2605,82414
2008-06-05,4058,2604,83641
2008-06-06,4276,2637,85780
2008-06-07,3712,2571,78424
2008-06-08,3607,2410,72624
2008-06-09,4212,2470,84680
2008-06-10,4350,2620,87068
2008-06-11,4373,2693,88092
2008-06-12,4153,2735,85565
2008-06-13,4350,2613,86422
2008-06-14,3791,2600,79233
2008-06-15,3561,2373,72283
2008-06-16,4384,2445,85723
2008-06-17,4377,2697,87915
2008-06-18,4397,2685,87917
2008-06-19,4484,2738,89787
2008-06-20,4507,2768,90523
2008-06-21,3997,2728,83938
2008-06-22,3716,2525,76609
2008-06-23,4252,2492,85396
2008-06-24,4525,2680,89829
2008-06-25,4331,2718,87720
2008-06-26,4136,2678,84833
2008-06-27,4263,2626,85944
2008-06-28,3795,2599,80061
2008-06-29,3632,2467,74395
2008-06-30,4160,2467,83485
2008-07-01,4290,2628,86160
2008-07-02,4502,2690,89459
2008-07-03,4519,2720,90322
2008-07-04,5033,2795,96666
2008-07-05,4539,2770,91198
2008-07-06,4245,2660,86043
2008-07-07,4739,2719,93846
2008-07-08,4735,2801,94020
2008-07-09,4582,2779,91469
2008-07-10,4589,2763,91874
2008-07-11,4884,2772,95391
2008-07-12,4576,2751,90781
2008-07-13,4392,2650,88061
2008-07-14,5361,2749,102697
2008-07-15,5311,2974,102642
2008-07-16,5422,2921,103808
2008-07-17,5515,3010,106437
2008-07-18,5457,3089,106456
2008-07-19,4819,2929,96218
2008-07-20,4298,2712,87960
2008-07-21,4512,2683,90262
2008-07-22,5564,2866,106062
2008-07-23,5713,3070,109874
2008-07-24,5847,3129,112133
2008-07-25,6008,3162,112987
2008-07-26,4778,3012,96797
2008-07-27,4468,2794,90015
2008-07-28,5263,2699,101273
2008-07-29,5375,2909,103943
2008-07-30,5192,2895,100128
2008-07-31,5147,2834,99088
2008-08-01,5308,2902,101699
2008-08-02,4816,2894,96379
2008-08-03,4859,2840,96845
2008-08-04,6025,2970,112647
2008-08-05,5574,3171,107922
2008-08-06,5660,3056,109449
2008-08-07,5991,3110,114162
2008-08-08,6089,3198,115761
2008-08-09,5105,3117,98910
2008-08-10,4231,2692,85075
2008-08-11,5151,2689,98374
2008-08-12,5022,2848,97911
2008-08-13,4821,2803,96068
2008-08-14,4762,2729,94434
2008-08-15,4862,2702,96311
2008-08-16,4552,2720,90747
2008-08-17,3618,2553,75664
2008-08-18,4725,2394,89895
2008-08-19,5401,2765,101190
2008-08-20,5361,2826,101746
2008-08-21,5150,2786,97226
2008-08-22,4399,2676,87432
2008-08-23,3636,2611,77120
2008-08-24,3724,2451,74634
2008-08-25,4398,2517,86910
2008-08-26,4343,2698,87646
2008-08-27,4633,2661,91092
2008-08-28,4823,2777,95392
2008-08-29,5030,2786,96993
2008-08-30,4175,2792,86554
2008-08-31,4205,2593,82957
2008-09-01,5076,2617,97409
2008-09-02,5372,2914,103952
2008-09-03,5496,2987,106182
2008-09-04,5227,2990,102442
2008-09-05,5173,2928,100790
2008-09-06,4478,2871,91242
2008-09-07,4275,2695,86212
2008-09-08,5189,2667,98215
2008-09-09,4844,2780,94190
2008-09-10,4695,2761,92194
2008-09-11,4506,2737,90492
2008-09-12,5058,2754,96529
2008-09-13,4345,2770,88375
2008-09-14,4092,2618,81216
2008-09-15,4182,2575,82834
2008-09-16,4540,2702,90597
2008-09-17,4808,2757,94027
2008-09-18,4582,2846,92295
2008-09-19,4584,2788,91938
2008-09-20,4144,2742,84915
2008-09-21,3865,2549,77082
2008-09-22,4217,2540,84486
2008-09-23,4183,2625,82943
2008-09-24,4407,2669,88125
2008-09-25,4491,2695,89756
2008-09-26,4651,2786,91283
2008-09-27,3650,2591,75648
2008-09-28,3505,2380,69952
2008-09-29,4084,2396,80498
2008-09-30,4084,2559,82045
2008-10-01,4075,2610,83149
2008-10-02,4072,2592,82586
2008-10-03,4055,2596,82552
2008-10-04,3712,2577,75917
2008-10-05,3615,2400,71360
2008-10-06,4144,2445,82204
2008-10-07,4275,2643,85061
2008-10-08,4171,2694,84928
2008-10-09,4228,2651,84825
2008-10-10,4268,2655,85334
2008-10-11,3726,2631,76946
2008-10-12,3446,2378,68815
2008-10-13,3671,2356,72313
2008-10-14,4199,2471,82117
2008-10-15,4179,2618,83394
2008-10-16,4168,2619,83206
2008-10-17,4149,2636,83058
2008-10-18,3706,2598,76098
2008-10-19,3561,2422,70635
2008-10-20,4166,2434,81370
2008-10-21,4174,2610,83061
2008-10-22,4193,2617,83019
2008-10-23,4260,2631,84448
2008-10-24,4313,2650,85826
2008-10-25,3744,2598,76609
2008-10-26,3561,2432,71515
2008-10-27,4133,2412,80312
2008-10-28,4129,2597,81968
2008-10-29,4105,2610,81739
2008-10-30,4108,2587,81656
2008-10-31,4127,2615,82421
2008-11-01,3636,2572,74737
2008-11-02,3492,2424,69915
2008-11-03,3837,2400,75569
2008-11-04,4120,2537,81343
2008-11-05,4173,2620,83194
2008-11-06,4203,2638,83476
2008-11-07,4130,2626,83225
2008-11-08,3886,2584,79075
2008-11-09,3829,2468,76023
2008-11-10,4387,2509,85543
2008-11-11,4481,2706,88872
2008-11-12,4489,2712,89350
2008-11-13,4226,2690,84873
2008-11-14,4184,2682,84629
2008-11-15,3823,2646,78029
2008-11-16,3694,2461,74069
2008-11-17,4194,2489,82127
2008-11-18,4233,2649,84101
2008-11-19,4396,2702,86785
2008-11-20,4506,2785,89629
2008-11-21,4397,2798,88930
2008-11-22,3977,2721,81006
2008-11-23,3675,2569,74420
2008-11-24,4280,2507,83090
2008-11-25,4507,2690,88991
2008-11-26,4444,2727,88411
2008-11-27,4753,2752,94618
2008-11-28,4454,2757,90978
2008-11-29,3962,2738,81490
2008-11-30,3851,2546,75542
2008-12-01,4530,2610,88738
2008-12-02,4684,2764,93712
2008-12-03,4409,2810,89382
2008-12-04,4452,2781,89467
2008-12-05,4405,2750,88386
2008-12-06,4047,2705,81977
2008-12-07,4100,2691,80591
2008-12-08,4709,2704,93233
2008-12-09,4790,2867,95710
2008-12-10,4361,2771,88294
2008-12-11,4364,2719,87639
2008-12-12,4306,2751,87084
2008-12-13,3909,2680,80319
2008-12-14,4154,2553,82429
2008-12-15,4748,2732,93706
2008-12-16,4669,2927,94421
2008-12-17,4830,2819,96321
2008-12-18,4452,2807,90125
2008-12-19,4508,2787,90834
2008-12-20,3938,2792,82568
2008-12-21,3742,2620,76108
2008-12-22,4487,2496,86126
2008-12-23,4324,2780,87320
2008-12-24,4658,2820,94168
2008-12-25,4336,2781,89118
2008-12-26,4579,2701,90743
2008-12-27,4133,2733,84765
2008-12-28,3838,2595,76828
2008-12-29,3767,2456,76027
2008-12-30,3553,2400,71474
2008-12-31,3549,2297,69840
2009-01-01,3261,2359,66886
2009-01-02,3370,2263,67757
2009-01-03,3514,2288,69622
2009-01-04,3734,2302,72497
2009-01-05,4286,2410,84697
2009-01-06,4461,2598,88913
2009-01-07,4638,2699,92778
2009-01-08,4681,2783,93930
2009-01-09,5029,2807,100048
2009-01-10,4299,2831,87199
2009-01-11,4161,2777,83126
2009-01-12,4433,2712,87229
2009-01-13,4867,2848,97439
2009-01-14,4787,2936,97433
2009-01-15,4981,2911,99193
2009-01-16,4800,3015,98453
2009-01-17,4188,2904,87014
2009-01-18,4229,2699,84242
2009-01-19,4481,2642,90267
2009-01-20,4804,2807,96796
2009-01-21,4783,2834,97099
2009-01-22,4916,2830,98999
2009-01-23,4591,2828,91334
2009-01-24,4266,2664,85292
2009-01-25,4112,2722,81557
2009-01-26,4676,2751,94468
2009-01-27,4599,2851,94161
2009-01-28,4662,2801,94646
2009-01-29,4608,2782,93378
2009-01-30,4532,2700,91809
2009-01-31,4085,2663,84132
2009-02-01,4075,2578,78596
2009-02-02,4596,2701,92678
2009-02-03,4508,2834,91884
2009-02-04,4552,2749,93088
2009-02-05,4560,2795,93004
2009-02-06,4428,2786,90263
2009-02-07,3987,2772,82278
2009-02-08,4063,2616,78747
2009-02-09,4707,2674,94673
2009-02-10,4402,2806,90563
2009-02-11,4324,2772,87867
2009-02-12,4352,2755,89390
2009-02-13,4388,2712,88397
2009-02-14,3456,2499,71925
2009-02-15,3600,2407,70857
2009-02-16,4255,2439,83692
2009-02-17,4522,2799,92480
2009-02-18,4449,2863,91999
2009-02-19,4529,2810,92489
2009-02-20,4779,2779,93033
2009-02-21,4020,2726,81642
2009-02-22,3887,2694,78259
2009-02-23,4636,2533,92485
2009-02-24,4757,2757,96088
2009-02-25,4712,2752,92876
2009-02-26,4627,2655,93431
2009-02-27,4861,2760,98034
2009-02-28,3984,2717,82245
2009-03-01,3973,2538,78852
2009-03-02,4509,2589,89100
2009-03-03,4854,2812,98199
2009-03-04,4717,2891,96184
2009-03-05,4391,2787,90204
2009-03-06,4655,2708,93454
2009-03-07,3731,2654,77134
2009-03-08,3947,2512,78104
2009-03-09,4358,2552,87442
2009-03-10,4128,2630,85181
2009-03-11,4353,2716,89561
2009-03-12,4316,2769,89206
2009-03-13,4229,2729,87681
2009-03-14,3817,2558,78423
2009-03-15,3696,2575,74153
2009-03-16,3997,2537,82062
2009-03-17,3936,2564,81455
2009-03-18,3833,2577,80186
2009-03-19,3744,2497,77790
2009-03-20,3537,2420,72498
2009-03-21,3542,2437,71377
2009-03-22,3504,2328,69736
2009-03-23,3969,2317,78098
2009-03-24,4099,2520,83975
2009-03-25,4307,2534,87146
2009-03-26,4194,2593,85986
2009-03-27,4103,2646,84695
2009-03-28,3874,2618,79411
2009-03-29,3729,2529,73885
2009-03-30,4004,2479,81807
2009-03-31,3949,2534,81686
2009-04-01,4105,2515,84460
2009-04-02,4115,2623,84684
2009-04-03,3844,2665,81198
2009-04-04,3583,2544,73493
2009-04-05,3426,2373,68697
2009-04-06,3745,2412,77031
2009-04-07,3729,2525,77864
2009-04-08,3718,2496,77669
2009-04-09,3724,2490,77558
2009-04-10,3652,2466,76360
2009-04-11,3399,2421,70469
2009-04-12,3360,2297,66884
2009-04-13,3703,2313,75356
2009-04-14,3821,2435,78123
2009-04-15,3733,2438,77241
2009-04-16,3757,2436,77396
2009-04-17,3816,2455,78513
2009-04-18,3426,2428,70769
2009-04-19,3340,2274,66280
2009-04-20,3744,2301,75623
2009-04-21,3873,2429,79075
2009-04-22,3782,2450,77878
2009-04-23,3685,2410,76707
2009-04-24,3735,2459,76881
2009-04-25,3704,2426,75676
2009-04-26,3322,2299,66712
2009-04-27,3652,2282,74000
2009-04-28,3580,2389,74595
2009-04-29,3402,2331,68822
2009-04-30,3556,2283,72877
2009-05-01,3500,2274,72021
2009-05-02,3264,2149,66183
2009-05-03,3084,2063,61584
2009-05-04,3130,2048,62185
2009-05-05,3196,2082,63482
2009-05-06,3380,2113,66967
2009-05-07,3684,2212,74880
2009-05-08,3729,2354,76598
2009-05-09,3448,2315,71377
2009-05-10,3449,2216,68287
2009-05-11,3892,2287,77860
2009-05-12,3999,2460,80622
2009-05-13,4001,2486,80269
2009-05-14,3844,2396,77677
2009-05-15,3684,2396,76191
2009-05-16,3391,2350,70402
2009-05-17,3372,2230,67350
2009-05-18,3943,2279,78090
2009-05-19,3936,2440,79738
2009-05-20,4142,2438,81206
2009-05-21,4155,2432,81803
2009-05-22,3985,2484,80439
2009-05-23,3582,2420,74529
2009-05-24,3379,2291,68170
2009-05-25,3851,2282,77022
2009-05-26,4032,2438,80074
2009-05-27,3987,2440,79959
2009-05-28,3884,2444,79185
2009-05-29,3784,2432,77652
2009-05-30,3456,2375,71636
2009-05-31,3386,2250,68287
2009-06-01,3772,2275,76156
2009-06-02,3932,2404,79218
2009-06-03,3912,2457,79686
2009-06-04,3943,2447,80004
2009-06-05,3908,2492,79870
2009-06-06,3531,2439,73234
2009-06-07,3447,2247,69444
2009-06-08,3831,2330,77720
2009-06-09,3968,2447,80467
2009-06-10,4072,2475,81703
2009-06-11,4030,2486,81665
2009-06-12,4056,2460,81110
2009-06-13,3654,2427,75071
2009-06-14,3442,2311,70040
2009-06-15,3959,2343,79459
2009-06-16,3968,2491,80528
2009-06-17,4001,2476,80667
2009-06-18,3987,2502,81116
2009-06-19,4098,2504,81683
2009-06-20,3668,2435,75750
2009-06-21,3632,2388,72968
2009-06-22,4199,2425,83786
2009-06-23,4639,2610,90152
2009-06-24,4345,2653,87259
2009-06-25,4438,2584,87500
2009-06-26,4652,2580,89362
2009-06-27,4140,2527,82709
2009-06-28,3576,2409,73852
2009-06-29,4517,2361,86522
2009-06-30,4198,2572,85130
2009-07-01,4278,2579,85831
2009-07-02,4232,2564,84379
2009-07-03,4175,2535,84076
2009-07-04,3719,2508,77276
2009-07-05,3612,2352,72911
2009-07-06,4291,2426,84680
2009-07-07,4791,2594,92077
2009-07-08,4598,2684,91306
2009-07-09,4791,2690,94357
2009-07-10,4751,2745,93655
2009-07-11,3667,2582,78078
2009-07-12,3868,2428,76411
2009-07-13,5019,2503,94725
2009-07-14,4940,2717,95413
2009-07-15,5301,2759,101101
2009-07-16,5411,2828,102869
2009-07-17,4672,2823,93931
2009-07-18,4200,2707,86683
2009-07-19,4310,2591,85304
2009-07-20,4107,2580,84603
2009-07-21,4346,2607,86866
2009-07-22,4433,2642,88787
2009-07-23,4665,2676,91052
2009-07-24,4687,2707,92446
2009-07-25,4298,2648,87078
2009-07-26,4392,2590,88243
2009-07-27,5102,2661,95512
2009-07-28,4784,2729,94071
2009-07-29,5104,2756,98436
2009-07-30,5450,2811,101541
2009-07-31,4377,2680,87848
2009-08-01,3826,2548,79341
2009-08-02,3792,2455,76021
2009-08-03,4847,2506,92063
2009-08-04,4880,2700,94943
2009-08-05,5094,2770,98239
2009-08-06,5039,2828,98757
2009-08-07,5292,2849,100886
2009-08-08,4258,2757,87878
2009-08-09,4264,2617,85300
2009-08-10,4573,2692,92166
2009-08-11,4528,2719,90002
2009-08-12,4349,2545,85936
2009-08-13,4595,2549,88439
2009-08-14,4199,2689,86191
2009-08-15,3910,2435,79294
2009-08-16,4042,2366,79458
2009-08-17,4858,2464,91265
2009-08-18,4861,2686,93953
2009-08-19,4887,2724,94723
2009-08-20,5064,2698,96671
2009-08-21,5089,2778,98494
2009-08-22,4562,2807,91731
2009-08-23,4071,2547,81808
2009-08-24,4762,2529,90612
2009-08-25,4465,2590,87649
2009-08-26,4405,2582,86887
2009-08-27,4664,2549,89672
2009-08-28,4979,2636,94169
2009-08-29,4428,2618,87872
2009-08-30,3650,2574,75797
2009-08-31,3981,2418,79935
2009-09-01,4699,2549,89912
2009-09-02,4118,2603,83662
2009-09-03,4105,2557,83201
2009-09-04,4164,2577,83755
2009-09-05,3816,2508,77979
2009-09-06,3763,2410,75053
2009-09-07,4638,2463,88501
2009-09-08,4718,2685,90691
2009-09-09,4195,2628,85089
2009-09-10,4256,2548,84770
2009-09-11,4167,2566,83948
2009-09-12,3598,2571,75258
2009-09-13,3692,2389,72211
2009-09-14,4162,2378,82056
2009-09-15,4115,2570,83072
2009-09-16,4290,2571,84979
2009-09-17,4189,2557,83755
2009-09-18,3996,2535,81293
2009-09-19,3535,2494,73027
2009-09-20,3459,2303,68869
2009-09-21,3577,2298,70701
2009-09-22,3706,2392,73720
2009-09-23,3819,2426,75809
2009-09-24,4229,2456,83407
2009-09-25,4310,2533,84520
2009-09-26,3766,2507,76989
2009-09-27,3574,2389,70478
2009-09-28,4140,2355,81680
2009-09-29,4205,2578,84188
2009-09-30,4009,2551,81314
2009-10-01,4023,2493,81085
2009-10-02,4142,2541,82571
2009-10-03,3695,2549,75893
2009-10-04,3601,2366,70362
2009-10-05,4064,2375,79748
2009-10-06,4058,2536,81505
2009-10-07,4053,2536,81431
2009-10-08,4003,2568,81389
2009-10-09,3932,2516,79283
2009-10-10,3554,2492,72557
2009-10-11,3394,2358,67629
2009-10-12,3603,2313,70596
2009-10-13,3982,2413,78735
2009-10-14,3979,2527,79490
2009-10-15,3966,2521,79241
2009-10-16,3928,2519,78876
2009-10-17,3623,2492,73626
2009-10-18,3471,2354,68502
2009-10-19,3973,2342,77534
2009-10-20,4050,2524,80254
2009-10-21,4019,2539,80078
2009-10-22,4014,2539,79589
2009-10-23,3941,2517,78749
2009-10-24,3607,2496,73365
2009-10-25,3520,2363,70170
2009-10-26,4144,2378,81327
2009-10-27,3975,2549,79615
2009-10-28,3975,2539,79377
2009-10-29,4031,2535,79829
2009-10-30,4005,2559,79822
2009-10-31,3635,2534,73814
2009-11-01,3508,2385,69288
2009-11-02,4068,2381,79430
2009-11-03,3949,2610,78394
2009-11-04,4140,2624,83183
2009-11-05,4245,2628,83978
2009-11-06,4066,2648,81998
2009-11-07,3663,2592,75391
2009-11-08,3521,2443,70072
2009-11-09,4079,2433,79413
2009-11-10,4111,2582,81160
2009-11-11,4163,2603,83553
2009-11-12,4274,2578,84132
2009-11-13,4328,2652,86350
2009-11-14,3744,2619,77677
2009-11-15,3505,2445,69968
2009-11-16,4181,2440,81610
2009-11-17,4536,2643,89052
2009-11-18,4359,2702,86837
2009-11-19,4731,2764,93396
2009-11-20,4401,2829,88461
2009-11-21,3870,2716,79374
2009-11-22,3984,2589,80053
2009-11-23,3970,2554,78861
2009-11-24,4465,2650,88030
2009-11-25,4270,2712,86400
2009-11-26,4219,2673,83986
2009-11-27,4186,2686,84034
2009-11-28,3820,2660,78155
2009-11-29,3836,2520,75230
2009-11-30,4480,2549,88060
2009-12-01,4380,2761,87392
2009-12-02,4341,2813,87602
2009-12-03,4644,2759,92500
2009-12-04,4346,2770,87015
2009-12-05,4166,2733,84094
2009-12-06,3757,2608,75328
2009-12-07,4549,2589,88082
2009-12-08,4567,2851,90784
2009-12-09,4607,2803,91999
2009-12-10,4496,2767,88803
2009-12-11,4792,2799,94702
2009-12-12,3777,2777,79602
2009-12-13,3891,2577,77209
2009-12-14,4612,2598,90019
2009-12-15,4726,2854,94147
2009-12-16,4864,2912,97493
2009-12-17,4787,2929,95443
2009-12-18,4844,2946,96413
2009-12-19,4352,2977,89852
2009-12-20,4200,2872,84492
2009-12-21,4955,2795,96369
2009-12-22,4823,3060,98102
2009-12-23,4386,3036,90886
2009-12-24,4541,2895,92218
2009-12-25,4396,2814,89479
2009-12-26,3966,2714,83071
2009-12-27,3869,2619,77196
2009-12-28,3987,2495,80649
2009-12-29,3888,2525,78550
2009-12-30,3665,2439,73676
2009-12-31,3720,2364,72151
2010-01-01,3360,2471,69586
2010-01-02,3416,2350,69263
2010-01-03,3660,2380,72477
2010-01-04,4142,2452,81794
2010-01-05,4427,2564,87758
2010-01-06,4710,2797,94100
2010-01-07,4730,2926,95648
2010-01-08,4692,2939,94934
2010-01-09,4241,2942,87710
2010-01-10,4049,2807,81688
2010-01-11,4547,2736,90372
2010-01-12,5240,2909,103162
2010-01-13,5035,3002,100333
2010-01-14,5103,3125,102544
2010-01-15,4958,3170,101468
2010-01-16,4575,3087,93835
2010-01-17,4372,2960,87424
2010-01-18,4953,2903,99153
2010-01-19,4673,3071,96575
2010-01-20,4462,2953,92166
2010-01-21,4490,2781,90288
2010-01-22,4680,2938,94878
2010-01-23,4210,2967,87515
2010-01-24,4133,2836,82577
2010-01-25,4588,2803,93350
2010-01-26,4764,2934,95753
2010-01-27,4640,3054,96214
2010-01-28,4492,2904,92875
2010-01-29,4518,2861,91605
2010-01-30,3992,2869,83285
2010-01-31,3913,2688,78375
2010-02-01,5016,2688,96627
2010-02-02,5000,3087,102231
2010-02-03,4932,3083,100662
2010-02-04,5009,3134,102380
2010-02-05,4793,3161,99550
2010-02-06,4558,3062,92963
2010-02-07,4320,2945,86376
2010-02-08,4751,2874,96442
2010-02-09,4415,2975,90728
2010-02-10,4727,2790,93690
2010-02-11,4771,2878,95347
2010-02-12,5087,3005,103001
2010-02-13,4702,2977,97057
2010-02-14,4333,2942,86984
2010-02-15,5128,2823,101190
2010-02-16,5181,2997,104146
2010-02-17,5156,3121,105189
2010-02-18,5199,3117,104068
2010-02-19,4834,3132,100342
2010-02-20,4173,3047,87934
2010-02-21,4234,2817,83762
2010-02-22,4718,2776,95416
2010-02-23,4522,2950,91886
2010-02-24,4203,2827,87581
2010-02-25,4109,2776,85432
2010-02-26,4088,2671,83998
2010-02-27,3810,2617,78104
2010-02-28,3993,2559,79957
2010-03-01,4392,2634,88552
2010-03-02,4835,2817,96701
2010-03-03,4364,2903,90718
2010-03-04,4648,2824,93890
2010-03-05,4013,2848,85214
2010-03-06,3866,2653,80072
2010-03-07,4261,2586,82748
2010-03-08,4691,2734,93906
2010-03-09,5171,2916,102633
2010-03-10,4781,3096,99317
2010-03-11,4495,2993,92981
2010-03-12,4300,2941,89935
2010-03-13,3673,2775,77620
2010-03-14,3685,2577,73288
2010-03-15,4133,2572,84198
2010-03-16,3999,2675,82280
2010-03-17,4252,2731,86608
2010-03-18,4267,2776,86867
2010-03-19,4207,2804,86963
2010-03-20,3584,2751,76327
2010-03-21,3515,2440,69965
2010-03-22,3860,2553,76447
2010-03-23,4170,2618,84515
2010-03-24,4664,2713,92750
2010-03-25,4816,2915,97613
2010-03-26,4357,2884,90995
2010-03-27,3997,2855,82873
2010-03-28,4155,2631,81269
2010-03-29,4705,2722,94527
2010-03-30,4463,3024,93492
2010-03-31,4279,2904,90121
2010-04-01,4045,2779,84845
2010-04-02,4080,2619,83585
2010-04-03,3704,2669,77317
2010-04-04,3866,2572,76523
2010-04-05,4468,2577,89536
2010-04-06,3940,2706,82652
2010-04-07,4335,2630,86813
2010-04-08,4213,2779,86321
2010-04-09,4079,2773,85402
2010-04-10,3570,2697,75646
2010-04-11,3487,2438,70103
2010-04-12,4523,2444,88205
2010-04-13,3896,2742,82384
2010-04-14,3976,2618,81540
2010-04-15,4544,2718,91790
2010-04-16,4734,2839,96403
2010-04-17,4284,2988,87407
2010-04-18,3659,2653,74154
2010-04-19,3950,2547,81076
2010-04-20,4081,2643,83339
2010-04-21,3875,2655,81078
2010-04-22,4495,2633,89266
2010-04-23,4364,2771,90566
2010-04-24,3790,2744,78673
2010-04-25,3565,2560,71917
2010-04-26,3889,2506,79593
2010-04-27,4170,2609,84469
2010-04-28,4072,2644,83522
2010-04-29,3503,2477,72533
2010-04-30,3644,2439,74882
2010-05-01,3299,2334,67882
2010-05-02,3174,2194,63577
2010-05-03,3170,2162,63447
2010-05-04,3233,2142,64348
2010-05-05,3395,2161,67024
2010-05-06,3922,2278,77585
2010-05-07,3883,2475,79496
2010-05-08,3509,2434,73655
2010-05-09,3365,2281,67736
2010-05-10,3820,2314,77346
2010-05-11,3911,2535,80675
2010-05-12,3795,2562,79229
2010-05-13,3785,2511,78710
2010-05-14,3787,2531,78831
2010-05-15,3475,2471,72259
2010-05-16,3379,2305,67429
2010-05-17,3925,2360,78892
2010-05-18,3997,2526,81189
2010-05-19,3925,2542,81044
2010-05-20,4029,2557,82577
2010-05-21,4205,2565,83859
2010-05-22,3635,2491,76227
2010-05-23,3444,2358,70107
2010-05-24,3945,2385,79991
2010-05-25,4105,2532,82588
2010-05-26,3904,2556,81015
2010-05-27,3875,2546,80314
2010-05-28,3841,2500,79342
2010-05-29,3460,2485,73287
2010-05-30,3393,2315,68139
2010-05-31,3743,2345,77032
2010-06-01,3793,2496,78838
2010-06-02,3872,2509,79502
2010-06-03,3980,2507,80916
2010-06-04,4030,2546,81824
2010-06-05,3502,2493,73915
2010-06-06,3461,2315,69505
2010-06-07,4165,2394,81998
2010-06-08,3988,2602,82427
2010-06-09,3963,2583,81688
2010-06-10,4231,2555,84055
2010-06-11,4165,2620,84110
2010-06-12,3815,2559,79568
2010-06-13,3564,2427,72679
2010-06-14,3983,2462,81033
2010-06-15,4360,2575,86440
2010-06-16,4665,2729,91338
2010-06-17,4755,2714,92743
2010-06-18,4702,2778,91525
2010-06-19,4053,2681,83577
2010-06-20,3911,2539,78914
2010-06-21,4687,2561,91068
2010-06-22,4821,2804,94554
2010-06-23,4517,2809,90960
2010-06-24,4535,2716,89776
2010-06-25,4746,2831,92513
2010-06-26,4061,2707,85053
2010-06-27,4140,2567,81523
2010-06-28,5132,2679,98494
2010-06-29,4891,2941,97786
2010-06-30,4648,2846,93690
2010-07-01,4900,2811,96062
2010-07-02,4916,2786,95245
2010-07-03,4083,2747,85537
2010-07-04,4278,2597,84558
2010-07-05,4984,2681,96843
2010-07-06,5057,2890,98961
2010-07-07,4802,2939,95022
2010-07-08,4947,2815,97234
2010-07-09,4739,2870,93723
2010-07-10,4166,2696,86011
2010-07-11,4073,2601,81763
2010-07-12,4808,2721,94490
2010-07-13,4537,2832,90074
2010-07-14,4775,2698,92574
2010-07-15,4963,2817,97334
2010-07-16,5249,2860,100895
2010-07-17,4529,2852,91672
2010-07-18,4304,2674,87832
2010-07-19,4870,2692,95850
2010-07-20,5726,2930,109475
2010-07-21,5918,3107,113250
2010-07-22,5965,3126,113854
2010-07-23,5999,3184,114182
2010-07-24,5250,3089,103161
2010-07-25,4740,2840,94687
2010-07-26,5598,2779,103780
2010-07-27,5666,2923,107335
2010-07-28,5596,3033,107282
2010-07-29,4886,2970,96216
2010-07-30,5053,2862,98298
2010-07-31,4768,2884,95534
2010-08-01,4789,2808,95057
2010-08-02,5396,2934,105134
2010-08-03,5600,3020,108042
2010-08-04,5657,3080,109307
2010-08-05,5798,3071,111336
2010-08-06,5642,3145,108092
2010-08-07,4742,2912,95124
2010-08-08,4437,2764,90088
2010-08-09,4671,2743,93124
2010-08-10,4939,2809,96667
2010-08-11,4994,2829,97586
2010-08-12,4619,2821,91113
2010-08-13,4249,2724,87282
2010-08-14,4229,2593,83995
2010-08-15,4605,2650,90679
2010-08-16,5529,2797,106104
2010-08-17,5887,3043,112096
2010-08-18,5822,3116,111047
2010-08-19,5487,3080,105576
2010-08-20,5185,2953,100490
2010-08-21,4827,2879,95015
2010-08-22,4755,2756,94436
2010-08-23,5888,2861,109980
2010-08-24,5854,3104,111354
2010-08-25,5806,3065,110686
2010-08-26,5805,3072,110854
2010-08-27,5799,3078,110203
2010-08-28,5090,3021,100123
2010-08-29,4806,2815,95939
2010-08-30,5819,2874,109724
2010-08-31,5884,3118,112887
2010-09-01,5828,3168,112292
2010-09-02,5720,3163,111224
2010-09-03,5818,3105,111824
2010-09-04,5161,3092,102087
2010-09-05,4886,2899,97125
2010-09-06,5798,2986,110745
2010-09-07,5755,3153,111975
2010-09-08,4895,3165,98614
2010-09-09,4681,2799,92377
2010-09-10,4886,2764,94513
2010-09-11,4740,2800,93892
2010-09-12,4537,2788,90168
2010-09-13,5498,2789,103392
2010-09-14,5029,2930,97652
2010-09-15,4278,2785,87780
2010-09-16,4187,2732,85814
2010-09-17,4464,2694,88253
2010-09-18,3982,2688,81916
2010-09-19,4016,2522,79132
2010-09-20,4255,2591,83539
2010-09-21,5106,2691,97195
2010-09-22,5470,2913,102180
2010-09-23,3885,2848,82235
2010-09-24,3867,2573,79464
2010-09-25,3484,2521,72600
2010-09-26,3471,2358,68618
2010-09-27,3908,2402,78328
2010-09-28,3994,2586,81466
2010-09-29,3963,2590,80196
2010-09-30,3954,2590,80446
2010-10-01,3929,2573,80202
2010-10-02,3614,2563,74171
2010-10-03,3533,2394,69685
2010-10-04,4057,2440,80497
2010-10-05,4111,2623,82832
2010-10-06,4048,2625,82216
2010-10-07,4043,2613,81948
2010-10-08,3986,2641,81528
2010-10-09,3658,2586,75634
2010-10-10,3550,2468,71121
2010-10-11,3764,2413,74077
2010-10-12,4172,2506,82210
2010-10-13,4218,2649,84339
2010-10-14,4137,2638,82739
2010-10-15,4072,2627,82055
2010-10-16,3663,2575,75415
2010-10-17,3502,2407,69491
2010-10-18,3959,2386,77715
2010-10-19,3998,2556,79511
2010-10-20,4010,2579,80454
2010-10-21,4044,2601,81226
2010-10-22,3936,2603,79441
2010-10-23,3546,2543,72618
2010-10-24,3512,2389,69557
2010-10-25,4012,2404,78531
2010-10-26,4007,2611,80619
2010-10-27,4006,2617,80383
2010-10-28,4415,2615,86912
2010-10-29,4081,2673,82680
2010-10-30,4002,2600,81207
2010-10-31,3602,2477,72296
2010-11-01,3989,2481,79595
2010-11-02,3998,2583,79806
2010-11-03,3806,2622,76812
2010-11-04,4156,2642,83294
2010-11-05,4019,2694,81839
2010-11-06,3679,2644,75911
2010-11-07,3582,2477,71502
2010-11-08,4023,2493,79544
2010-11-09,4020,2636,80634
2010-11-10,4068,2667,81755
2010-11-11,4119,2700,82678
2010-11-12,4044,2708,82132
2010-11-13,3714,2621,76096
2010-11-14,3588,2463,71742
2010-11-15,4319,2504,83395
2010-11-16,4375,2772,86709
2010-11-17,4599,2761,91469
2010-11-18,4432,2796,88328
2010-11-19,4279,2842,86976
2010-11-20,3827,2743,79064
2010-11-21,3646,2570,73163
2010-11-22,4248,2471,83007
2010-11-23,3990,2650,80598
2010-11-24,4329,2681,85596
2010-11-25,4404,2771,88011
2010-11-26,4236,2761,85805
2010-11-27,3905,2684,79250
2010-11-28,3666,2564,73568
2010-11-29,4255,2549,84065
2010-11-30,4308,2785,86513
2010-12-01,4244,2764,85802
2010-12-02,4275,2794,86152
2010-12-03,4052,2758,83710
2010-12-04,3852,2726,79081
2010-12-05,3735,2620,74801
2010-12-06,4250,2605,84280
2010-12-07,4355,2770,87255
2010-12-08,4462,2839,89165
2010-12-09,4505,2873,90314
2010-12-10,4427,2887,89562
2010-12-11,3796,2853,80152
2010-12-12,3765,2598,75309
2010-12-13,4765,2605,92408
2010-12-14,4491,2847,91249
2010-12-15,4508,2836,89453
2010-12-16,4879,2893,96758
2010-12-17,4695,3079,95442
2010-12-18,4157,3004,86771
2010-12-19,4133,2820,83380
2010-12-20,4467,2765,90310
2010-12-21,4646,2938,93802
2010-12-22,4251,2893,87843
2010-12-23,4164,2812,84497
2010-12-24,4509,2855,90611
2010-12-25,4256,2927,87538
2010-12-26,4175,2811,83244
2010-12-27,4648,2809,93179
2010-12-28,4391,2922,90082
2010-12-29,3931,2642,79816
2010-12-30,3981,2586,80079
2010-12-31,3668,2497,73627
2011-01-01,3325,2491,69436
2011-01-02,3413,2355,69058
2011-01-03,3673,2414,73112
2011-01-04,4083,2460,80171
2011-01-05,4395,2672,88590
2011-01-06,4788,2809,94622
2011-01-07,4995,3085,100474
2011-01-08,4399,3119,92198
2011-01-09,4107,2945,84214
2011-01-10,4746,2876,92202
2011-01-11,5059,3122,102231
2011-01-12,4862,3105,99471
2011-01-13,5080,3129,102084
2011-01-14,4979,3229,102257
2011-01-15,4561,3195,96317
2011-01-16,4659,2998,91351
2011-01-17,5000,3058,100885
2011-01-18,4899,3186,100579
2011-01-19,4813,3154,99211
2011-01-20,4975,3153,100430
2011-01-21,4913,3187,101107
2011-01-22,4334,3123,91067
2011-01-23,4323,2980,87431
2011-01-24,4930,2909,99170
2011-01-25,4912,3150,99883
2011-01-26,4872,3182,100319
2011-01-27,4919,3194,100422
2011-01-28,4990,3216,101968
2011-01-29,4464,3117,93154
2011-01-30,4568,2994,90520
2011-01-31,5091,3085,102596
2011-02-01,4860,3243,100420
2011-02-02,4889,3174,101161
2011-02-03,4701,3160,97555
2011-02-04,4544,3111,95094
2011-02-05,4139,3031,87196
2011-02-06,4115,2855,83256
2011-02-07,4639,2798,92126
2011-02-08,4847,3023,98550
2011-02-09,5032,3114,99729
2011-02-10,4732,3102,97793
2011-02-11,5000,3102,101245
2011-02-12,4772,3152,98561
2011-02-13,4354,3037,87743
2011-02-14,5150,2940,103013
2011-02-15,4912,3258,101274
2011-02-16,4697,3234,98095
2011-02-17,4772,3077,96112
2011-02-18,4575,2950,93131
2011-02-19,4291,3023,89095
2011-02-20,4181,2811,84613
2011-02-21,4671,2787,93543
2011-02-22,4614,3097,95132
2011-02-23,4425,3053,92348
2011-02-24,4357,2935,91094
2011-02-25,3973,2874,84622
2011-02-26,3993,2885,82962
2011-02-27,3699,2762,76564
2011-02-28,4938,2640,96759
2011-03-01,4791,2998,98029
2011-03-02,4719,2970,95463
2011-03-03,4888,3148,99394
2011-03-04,4823,3219,99267
2011-03-05,4104,3162,87639
2011-03-06,3877,2877,79888
2011-03-07,5023,2744,100124
2011-03-08,4598,3133,95624
2011-03-09,4532,3059,93737
2011-03-10,4669,3083,95636
2011-03-11,4365,2740,83346
2011-03-12,3424,2623,71939
2011-03-13,3245,2370,65950
2011-03-14,2914,2324,63214
2011-03-15,3093,2181,65880
2011-03-16,3255,2323,67679
2011-03-17,3316,2527,71067
2011-03-18,3169,2586,70221
2011-03-19,2984,2408,64707
2011-03-20,2944,2247,60635
2011-03-21,3352,2166,67573
2011-03-22,3536,2378,73997
2011-03-23,3467,2500,75093
2011-03-24,3729,2617,78637
2011-03-25,3568,2690,76945
2011-03-26,3468,2586,72481
2011-03-27,3405,2540,69833
2011-03-28,3492,2479,74269
2011-03-29,3397,2599,73475
2011-03-30,3319,2523,71869
2011-03-31,3387,2514,72318
2011-04-01,3300,2507,71630
2011-04-02,3067,2417,66012
2011-04-03,3305,2304,67058
2011-04-04,3521,2387,73491
2011-04-05,3463,2592,74674
2011-04-06,3322,2536,72257
2011-04-07,3298,2434,71170
2011-04-08,3273,2427,70663
2011-04-09,3156,2366,67205
2011-04-10,3026,2263,62120
2011-04-11,3329,2306,69924
2011-04-12,3410,2418,72258
2011-04-13,3304,2501,71774
2011-04-14,3284,2435,70552
2011-04-15,3269,2407,70015
2011-04-16,3026,2320,64956
2011-04-17,3020,2222,61332
2011-04-18,3361,2258,69722
2011-04-19,3575,2393,74028
2011-04-20,3426,2505,73341
2011-04-21,3490,2470,74127
2011-04-22,3354,2461,71972
2011-04-23,3172,2366,67817
2011-04-24,3017,2215,61666
2011-04-25,3327,2296,69954
2011-04-26,3347,2431,71180
2011-04-27,3322,2403,70742
2011-04-28,3235,2369,69486
2011-04-29,3084,2310,65175
2011-04-30,3005,2223,63335
2011-05-01,2939,2137,60490
2011-05-02,3053,2140,63228
2011-05-03,2943,2118,60694
2011-05-04,2878,2099,59130
2011-05-05,3023,2104,61330
2011-05-06,3289,2222,68466
2011-05-07,3219,2312,68373
2011-05-08,3027,2187,62086
2011-05-09,3316,2211,69342
2011-05-10,3538,2392,73645
2011-05-11,3490,2445,73834
2011-05-12,3489,2419,73777
2011-05-13,3441,2433,73012
2011-05-14,3143,2341,66712
2011-05-15,3053,2201,62499
2011-05-16,3371,2255,70825
2011-05-17,3440,2457,72953
2011-05-18,3394,2457,72550
2011-05-19,3465,2429,73203
2011-05-20,3544,2456,74089
2011-05-21,3260,2374,69395
2011-05-22,3092,2262,65495
2011-05-23,3414,2261,71159
2011-05-24,3498,2425,72763
2011-05-25,3362,2404,71680
2011-05-26,3415,2399,72432
2011-05-27,3416,2412,72441
2011-05-28,3166,2346,67837
2011-05-29,3124,2234,64882
2011-05-30,3380,2260,70763
2011-05-31,3314,2365,70475
2011-06-01,3329,2371,70923
2011-06-02,3455,2407,73207
2011-06-03,3372,2420,71996
2011-06-04,3189,2345,67785
2011-06-05,3145,2221,64650
2011-06-06,3563,2278,73000
2011-06-07,3514,2454,74178
2011-06-08,3441,2423,72919
2011-06-09,3486,2415,73636
2011-06-10,3554,2459,74849
2011-06-11,3264,2440,70307
2011-06-12,3192,2224,65316
2011-06-13,3499,2327,72888
2011-06-14,3488,2444,74096
2011-06-15,3403,2437,72624
2011-06-16,3487,2433,73594
2011-06-17,3473,2467,73209
2011-06-18,3221,2391,69231
2011-06-19,3158,2266,65179
2011-06-20,3628,2324,74635
2011-06-21,3809,2531,78337
2011-06-22,4122,2502,82463
2011-06-23,4221,2637,84847
2011-06-24,4380,2678,87467
2011-06-25,3614,2648,76487
2011-06-26,3249,2359,67605
2011-06-27,3597,2383,75038
2011-06-28,4321,2538,84605
2011-06-29,4571,2673,90159
2011-06-30,4383,2737,87636
2011-07-01,4194,2649,84661
2011-07-02,3782,2592,80039
2011-07-03,3899,2497,79424
2011-07-04,4401,2621,87708
2011-07-05,4364,2684,87621
2011-07-06,4252,2652,85853
2011-07-07,3873,2642,81696
2011-07-08,4158,2652,85394
2011-07-09,4279,2696,86769
2011-07-10,4173,2651,85685
2011-07-11,4609,2670,91686
2011-07-12,4553,2784,91603
2011-07-13,4548,2754,90980
2011-07-14,4552,2744,90822
2011-07-15,4638,2709,91997
2011-07-16,4373,2764,88848
2011-07-17,4288,2681,87735
2011-07-18,4382,2797,89919
2011-07-19,4154,2819,87152
2011-07-20,4132,2725,84007
2011-07-21,3323,2502,71390
2011-07-22,3280,2389,70094
2011-07-23,3352,2361,70494
2011-07-24,3565,2392,73768
2011-07-25,4116,2488,82390
2011-07-26,4056,2610,83221
2011-07-27,4115,2656,84584
2011-07-28,3913,2645,82035
2011-07-29,3886,2589,81001
2011-07-30,3623,2567,76406
2011-07-31,3365,2442,71268
2011-08-01,3586,2396,75099
2011-08-02,3750,2496,78155
2011-08-03,3965,2563,81453
2011-08-04,4067,2598,83175
2011-08-05,4188,2628,85207
2011-08-06,4200,2666,85335
2011-08-07,4231,2627,84802
2011-08-08,4662,2625,90747
2011-08-09,4817,2793,95039
2011-08-10,4900,2858,97470
2011-08-11,4837,2885,95753
2011-08-12,4461,2763,90440
2011-08-13,4076,2637,84455
2011-08-14,3995,2543,82156
2011-08-15,4080,2499,83653
2011-08-16,4182,2562,85579
2011-08-17,4566,2638,91288
2011-08-18,4922,2802,97339
2011-08-19,4151,2899,82536
2011-08-20,3354,2486,71943
2011-08-21,3257,2396,68518
2011-08-22,3452,2312,71859
2011-08-23,3912,2448,78781
2011-08-24,4263,2567,84876
2011-08-25,3929,2672,82615
2011-08-26,4189,2600,82703
2011-08-27,3495,2513,74332
2011-08-28,3764,2432,75933
2011-08-29,4091,2461,81506
2011-08-30,4122,2582,82773
2011-08-31,4116,2590,83984
2011-09-01,4240,2701,87253
2011-09-02,4329,2705,88119
2011-09-03,4075,2761,84749
2011-09-04,3840,2610,79338
2011-09-05,4044,2565,83177
2011-09-06,3854,2641,80612
2011-09-07,3878,2575,79408
2011-09-08,3958,2552,80465
2011-09-09,4258,2592,84992
2011-09-10,4326,2676,86943
2011-09-11,4077,2635,82701
2011-09-12,4551,2611,89613
2011-09-13,4663,2761,91801
2011-09-14,4701,2755,92247
2011-09-15,4597,2737,91106
2011-09-16,4474,2730,89838
2011-09-17,4166,2785,86333
2011-09-18,4127,2622,83752
2011-09-19,4132,2631,82450
2011-09-20,3644,2498,75940
2011-09-21,3686,2495,76156
2011-09-22,3803,2486,76355
2011-09-23,3314,2418,68603
2011-09-24,3377,2322,68512
2011-09-25,3242,2286,65403
2011-09-26,3495,2264,70876
2011-09-27,3514,2400,71928
2011-09-28,3488,2394,71448
2011-09-29,3525,2402,72025
2011-09-30,3643,2401,73604
2011-10-01,3255,2415,67955
2011-10-02,3157,2268,63694
2011-10-03,3486,2253,70227
2011-10-04,3530,2424,72072
2011-10-05,3646,2417,74330
2011-10-06,3628,2456,74179
2011-10-07,3493,2447,72653
2011-10-08,3248,2409,67183
2011-10-09,3129,2246,62827
2011-10-10,3352,2252,66738
2011-10-11,3613,2337,72459
2011-10-12,3583,2455,73381
2011-10-13,3643,2469,74030
2011-10-14,3658,2485,74472
2011-10-15,3461,2499,72270
2011-10-16,3280,2357,66808
2011-10-17,3669,2298,72788
2011-10-18,3599,2474,73589
2011-10-19,3591,2479,73474
2011-10-20,3615,2472,73708
2011-10-21,3629,2500,74019
2011-10-22,3414,2514,71067
2011-10-23,3279,2327,65934
2011-10-24,3714,2336,73800
2011-10-25,3776,2524,75796
2011-10-26,3602,2490,73157
2011-10-27,3630,2499,73543
2011-10-28,3587,2517,73510
2011-10-29,3287,2488,68612
2011-10-30,3207,2319,64640
2011-10-31,3606,2312,71897
2011-11-01,3623,2474,73099
2011-11-02,3631,2509,73570
2011-11-03,3492,2486,71277
2011-11-04,3612,2470,73040
2011-11-05,3396,2460,69699
2011-11-06,3255,2308,66114
2011-11-07,3663,2335,72480
2011-11-08,3676,2476,73946
2011-11-09,3707,2504,74676
2011-11-10,3755,2510,75659
2011-11-11,3900,2539,78851
2011-11-12,3346,2526,69702
2011-11-13,3203,2336,64690
2011-11-14,3673,2353,72851
2011-11-15,3761,2510,75497
2011-11-16,3798,2568,76770
2011-11-17,3787,2579,76760
2011-11-18,3852,2588,78706
2011-11-19,3606,2549,74737
2011-11-20,3252,2377,66304
2011-11-21,3820,2397,75407
2011-11-22,3909,2657,79271
2011-11-23,3703,2624,75508
2011-11-24,3844,2576,77452
2011-11-25,3867,2679,79405
2011-11-26,3650,2685,75989
2011-11-27,3514,2523,71172
2011-11-28,4068,2514,81318
2011-11-29,3907,2648,80111
2011-11-30,3797,2655,78053
2011-12-01,4310,2646,86192
2011-12-02,4440,2815,90172
2011-12-03,3930,2787,81339
2011-12-04,3539,2501,70557
2011-12-05,4042,2566,80803
2011-12-06,4410,2770,88248
2011-12-07,4154,2825,84955
2011-12-08,4448,2770,89342
2011-12-09,4483,2854,92184
2011-12-10,3913,2961,83122
2011-12-11,3762,2753,76860
2011-12-12,4205,2718,85379
2011-12-13,4263,2858,86574
2011-12-14,4390,2853,90069
2011-12-15,4143,2889,85805
2011-12-16,4240,2822,86376
2011-12-17,3996,2945,83731
2011-12-18,3912,2812,79535
2011-12-19,4455,2746,89419
2011-12-20,4454,2978,91014
2011-12-21,4502,2990,92766
2011-12-22,4556,2980,94175
2011-12-23,4379,3013,90820
2011-12-24,4133,2962,86453
2011-12-25,4054,2790,81903
2011-12-26,4575,2850,92177
2011-12-27,4451,2996,92058
2011-12-28,4165,2900,87043
2011-12-29,3824,2683,79371
2011-12-30,3691,2527,73836
2011-12-31,3508,2473,71022
2012-01-01,3179,2399,67125
2012-01-02,3309,2326,67906
2012-01-03,3474,2371,70271
2012-01-04,3889,2438,77178
2012-01-05,4268,2610,86115
2012-01-06,4431,2877,91066
2012-01-07,4210,2909,86970
2012-01-08,3957,2869,81158
2012-01-09,4150,2743,83291
2012-01-10,4474,2892,91599
2012-01-11,4599,2966,93333
2012-01-12,4725,3124,97208
2012-01-13,4490,3167,94293
2012-01-14,4216,3014,88215
2012-01-15,4172,2852,84615
2012-01-16,4841,2835,96851
2012-01-17,4641,3053,95462
2012-01-18,4564,3142,95491
2012-01-19,4596,3068,94793
2012-01-20,4966,3057,101339
2012-01-21,4506,3046,94490
2012-01-22,4122,2853,85533
2012-01-23,4738,2851,96271
2012-01-24,4861,3166,99384
2012-01-25,4647,3174,97003
2012-01-26,4817,3173,98549
2012-01-27,4730,3250,98924
2012-01-28,4429,3175,92401
2012-01-29,4388,2953,87618
2012-01-30,4823,3013,97852
2012-01-31,4686,3205,97781
2012-02-01,4619,3193,96674
2012-02-02,4952,3159,100177
2012-02-03,4718,3294,99459
2012-02-04,4146,3208,88968
2012-02-05,4089,2910,83583
2012-02-06,4826,2868,97182
2012-02-07,4516,3024,93799
2012-02-08,4548,2930,93310
2012-02-09,4582,3107,94638
2012-02-10,4401,3134,93261
2012-02-11,4091,3034,85330
2012-02-12,4118,2859,81764
2012-02-13,4515,2902,93322
2012-02-14,4708,2990,97018
2012-02-15,4464,2996,93246
2012-02-16,4848,2990,98712
2012-02-17,4605,3158,95658
2012-02-18,4415,3114,90544
2012-02-19,4173,3027,85239
2012-02-20,4460,2946,92219
2012-02-21,4285,3091,90320
2012-02-22,4336,2909,89018
2012-02-23,4508,2870,91010
2012-02-24,3988,2873,84086
2012-02-25,4014,2791,84509
2012-02-26,4012,2692,80824
2012-02-27,4563,2802,91387
2012-02-28,4576,3096,94309
2012-02-29,4931,3044,100588
2012-03-01,4285,3046,90575
2012-03-02,4537,2867,93130
2012-03-03,3863,2929,81596
2012-03-04,4052,2679,81148
2012-03-05,4712,2802,94546
2012-03-06,4190,2847,84792
2012-03-07,3952,2697,81636
2012-03-08,4138,2694,85118
2012-03-09,4347,2756,89544
2012-03-10,4108,2882,86184
2012-03-11,3790,2727,77221
2012-03-12,4315,2724,86660
2012-03-13,4306,2948,88936
2012-03-14,4168,2939,87180
2012-03-15,4258,2899,86983
2012-03-16,4149,2977,87425
2012-03-17,3915,2769,83106
2012-03-18,3730,2639,76206
2012-03-19,4213,2607,84326
2012-03-20,3834,2832,79971
2012-03-21,4085,2801,84848
2012-03-22,3989,2880,84873
2012-03-23,4102,2755,85877
2012-03-24,3748,2715,80062
2012-03-25,3621,2641,72811
2012-03-26,4069,2680,83480
2012-03-27,3906,2844,82693
2012-03-28,3850,2772,80887
2012-03-29,3736,2746,78987
2012-03-30,3685,2616,76556
2012-03-31,3521,2456,71889
2012-04-01,3430,2511,68925
2012-04-02,3746,2547,77305
2012-04-03,3784,2653,78997
2012-04-04,3705,2618,77668
2012-04-05,3629,2640,76653
2012-04-06,3760,2635,78269
2012-04-07,3677,2710,75787
2012-04-08,3493,2607,70449
2012-04-09,3517,2536,74723
2012-04-10,3537,2555,74272
2012-04-11,3679,2527,76703
2012-04-12,3512,2566,73996
2012-04-13,3481,2538,73389
2012-04-14,3626,2528,75357
2012-04-15,3335,2430,66961
2012-04-16,3643,2473,74950
2012-04-17,3612,2576,75808
2012-04-18,3553,2592,74639
2012-04-19,3598,2541,75253
2012-04-20,3614,2581,76046
2012-04-21,3441,2544,72241
2012-04-22,3467,2415,70067
2012-04-23,3718,2461,77462
2012-04-24,3498,2534,73749
2012-04-25,3518,2493,73637
2012-04-26,3565,2503,74854
2012-04-27,3505,2509,74259
2012-04-28,3165,2371,66921
2012-04-29,3062,2191,62271
2012-04-30,3132,2163,63867
2012-05-01,3302,2232,67934
2012-05-02,3283,2247,67977
2012-05-03,3025,2211,63362
2012-05-04,2986,2119,60976
2012-05-05,2963,2091,60030
2012-05-06,3008,2051,60625
2012-05-07,3338,2185,68761
2012-05-08,3454,2388,72460
2012-05-09,3523,2470,73771
2012-05-10,3469,2442,72997
2012-05-11,3355,2444,71901
2012-05-12,3180,2364,67090
2012-05-13,3079,2218,62779
2012-05-14,3411,2282,71151
2012-05-15,3532,2425,73784
2012-05-16,3490,2441,73388
2012-05-17,3522,2429,73870
2012-05-18,3442,2449,72650
2012-05-19,3190,2329,67245
2012-05-20,3144,2206,63680
2012-05-21,3442,2301,71582
2012-05-22,3521,2385,73200
2012-05-23,3447,2388,72439
2012-05-24,3535,2403,73739
2012-05-25,3492,2416,73287
2012-05-26,3180,2358,67489
2012-05-27,3141,2200,63789
2012-05-28,3496,2281,72312
2012-05-29,3568,2429,74078
2012-05-30,3478,2438,73383
2012-05-31,3470,2438,73487
2012-06-01,3553,2438,74053
2012-06-02,3242,2336,68133
2012-06-03,3154,2231,64141
2012-06-04,3582,2276,73219
2012-06-05,3541,2456,74653
2012-06-06,3477,2476,73749
2012-06-07,3530,2421,74147
2012-06-08,3723,2447,76406
2012-06-09,3231,2412,69202
2012-06-10,3181,2219,64863
2012-06-11,3505,2300,72608
2012-06-12,3473,2447,73582
2012-06-13,3394,2434,72337
2012-06-14,3462,2422,73066
2012-06-15,3522,2460,73815
2012-06-16,3270,2365,69357
2012-06-17,3338,2288,67027
2012-06-18,3741,2341,75996
2012-06-19,3791,2526,78467
2012-06-20,4010,2540,80956
2012-06-21,3832,2531,78376
2012-06-22,3635,2549,76338
2012-06-23,3314,2424,70204
2012-06-24,3216,2238,65851
2012-06-25,3434,2292,71706
2012-06-26,3502,2405,73039
2012-06-27,3537,2404,73642
2012-06-28,3591,2430,74948
2012-06-29,3706,2474,75991
2012-06-30,3343,2360,70868
2012-07-01,3201,2248,65780
2012-07-02,3711,2337,74949
2012-07-03,3813,2513,77951
2012-07-04,3969,2512,79846
2012-07-05,4069,2584,82794
2012-07-06,4074,2638,82550
2012-07-07,3491,2530,74059
2012-07-08,3273,2281,66994
2012-07-09,3919,2329,77899
2012-07-10,4182,2563,83340
2012-07-11,4196,2580,84542
2012-07-12,4071,2665,83565
2012-07-13,4238,2630,85288
2012-07-14,3887,2628,80554
2012-07-15,3815,2461,77993
2012-07-16,4197,2497,84563
2012-07-17,4892,2684,94583
2012-07-18,4747,2779,93440
2012-07-19,4820,2786,91549
2012-07-20,3620,2567,75696
2012-07-21,3164,2400,68025
2012-07-22,3219,2261,65350
2012-07-23,3842,2299,77060
2012-07-24,4184,2513,83782
2012-07-25,4551,2617,90122
2012-07-26,4931,2747,96124
2012-07-27,5038,2815,97583
2012-07-28,4560,2811,90967
2012-07-29,4201,2614,86060
2012-07-30,4889,2671,94980
2012-07-31,4837,2777,94895
2012-08-01,4755,2806,94819
2012-08-02,4992,2843,97763
2012-08-03,4878,2848,96049
2012-08-04,4137,2714,85759
2012-08-05,4167,2565,84748
2012-08-06,4425,2708,88590
2012-08-07,4647,2657,91090
2012-08-08,4133,2671,83614
2012-08-09,4156,2545,82536
2012-08-10,4299,2586,84167
2012-08-11,4046,2622,81787
2012-08-12,3726,2425,75563
2012-08-13,4039,2412,81395
2012-08-14,3775,2516,77250
2012-08-15,3889,2407,79092
2012-08-16,4424,2460,87522
2012-08-17,4705,2615,90774
2012-08-18,3876,2611,81117
2012-08-19,3922,2449,79933
2012-08-20,4678,2488,90121
2012-08-21,4901,2707,94468
2012-08-22,4934,2800,95913
2012-08-23,5020,2802,97259
2012-08-24,4958,2823,96332
2012-08-25,4433,2713,89114
2012-08-26,4163,2602,84925
2012-08-27,4950,2622,94946
2012-08-28,4801,2801,94855
2012-08-29,4802,2781,94622
2012-08-30,5078,2834,98608
2012-08-31,4915,2930,96724
2012-09-01,3939,2775,83378
2012-09-02,3697,2492,74791
2012-09-03,4210,2436,83327
2012-09-04,4474,2626,87952
2012-09-05,4612,2650,90443
2012-09-06,4627,2746,89562
2012-09-07,4453,2647,87921
2012-09-08,4133,2667,84042
2012-09-09,3980,2509,79721
2012-09-10,4668,2532,90364
2012-09-11,4681,2759,92052
2012-09-12,4513,2704,89260
2012-09-13,4724,2699,91785
2012-09-14,4602,2798,91597
2012-09-15,4075,2760,84751
2012-09-16,3923,2574,78736
2012-09-17,4142,2577,83336
2012-09-18,4444,2661,89083
2012-09-19,4254,2737,87218
2012-09-20,4402,2681,88008
2012-09-21,3993,2648,82209
2012-09-22,3470,2528,71405
2012-09-23,3218,2341,66551
2012-09-24,3767,2275,75112
2012-09-25,3562,2467,73780
2012-09-26,3570,2436,73394
2012-09-27,3512,2420,72354
2012-09-28,3557,2413,73039
2012-09-29,3537,2417,71957
2012-09-30,3537,2310,69933
2012-10-01,4158,2364,80863
2012-10-02,3800,2572,78521
2012-10-03,3684,2514,75881
2012-10-04,3741,2464,76363
2012-10-05,3836,2514,77646
2012-10-06,3503,2505,72211
2012-10-07,3126,2321,64191
2012-10-08,3248,2207,65062
2012-10-09,3482,2287,70804
2012-10-10,3527,2382,71890
2012-10-11,3605,2431,73509
2012-10-12,3535,2443,72561
2012-10-13,3233,2398,66952
2012-10-14,3125,2225,62551
2012-10-15,3536,2212,70538
2012-10-16,3494,2401,71506
2012-10-17,3591,2407,72192
2012-10-18,3601,2426,73546
2012-10-19,3428,2442,70842
2012-10-20,3209,2383,66123
2012-10-21,3114,2250,62560
2012-10-22,3521,2238,70057
2012-10-23,3605,2442,73367
2012-10-24,3488,2414,71065
2012-10-25,3528,2407,71750
2012-10-26,3470,2410,71009
2012-10-27,3215,2389,66313
2012-10-28,3213,2266,64361
2012-10-29,3480,2278,69983
2012-10-30,3552,2411,72104
2012-10-31,3543,2453,72497
2012-11-01,3549,2476,72500
2012-11-02,3535,2472,72442
2012-11-03,3263,2464,67362
2012-11-04,3193,2320,64108
2012-11-05,3691,2344,74095
2012-11-06,3749,2530,77028
2012-11-07,3572,2516,73368
2012-11-08,3597,2526,73637
2012-11-09,3567,2508,73272
2012-11-10,3288,2488,68334
2012-11-11,3370,2359,67117
2012-11-12,3627,2354,73246
2012-11-13,3668,2509,74669
2012-11-14,3682,2519,74950
2012-11-15,3801,2587,77314
2012-11-16,3715,2633,76584
2012-11-17,3590,2564,74508
2012-11-18,3397,2428,67497
2012-11-19,4057,2453,80869
2012-11-20,3832,2717,79322
2012-11-21,3890,2649,79248
2012-11-22,3881,2659,79962
2012-11-23,3794,2659,78858
2012-11-24,3606,2538,73775
2012-11-25,3571,2528,71127
2012-11-26,4279,2509,84422
2012-11-27,4085,2689,81980
2012-11-28,4275,2770,87098
2012-11-29,4079,2827,84390
2012-11-30,4102,2718,83732
2012-12-01,4011,2700,81135
2012-12-02,3920,2702,78994
2012-12-03,4405,2689,89392
2012-12-04,4203,2777,87052
2012-12-05,4144,2859,85614
2012-12-06,4094,2781,83603
2012-12-07,4092,2873,85879
2012-12-08,3830,2817,79863
2012-12-09,3910,2707,78129
2012-12-10,4480,2786,89874
2012-12-11,4367,3005,90402
2012-12-12,4366,2997,90494
2012-12-13,4394,3019,90940
2012-12-14,4321,3055,90944
2012-12-15,4014,2848,84560
2012-12-16,3585,2643,73246
2012-12-17,4408,2648,88740
2012-12-18,4170,2816,85161
2012-12-19,4451,2843,89963
2012-12-20,4409,3010,91481
2012-12-21,4411,3019,91757
2012-12-22,4261,2866,87682
2012-12-23,3890,2717,79930
2012-12-24,4293,2744,85503
2012-12-25,4419,3000,92273
2012-12-26,4616,2950,93314
2012-12-27,4426,3060,92845
2012-12-28,4267,2964,89948
2012-12-29,3639,2643,75654
2012-12-30,3574,2412,72310
2012-12-31,3380,2287,67515
2013-01-01,3132,2402,65223
2013-01-02,3106,2295,64305
2013-01-03,3558,2246,68915
2013-01-04,4016,2518,79321
2013-01-05,4089,2679,83090
2013-01-06,3968,2733,80185
2013-01-07,4410,2726,90225
2013-01-08,4336,2937,90737
2013-01-09,4354,2905,90459
2013-01-10,4488,2929,91988
2013-01-11,4467,3071,93421
2013-01-12,4127,3024,87447
2013-01-13,3764,2840,78401
2013-01-14,4644,2617,90750
2013-01-15,4702,2974,94899
2013-01-16,4684,3049,97120
2013-01-17,4647,3151,96349
2013-01-18,4701,3160,97291
2013-01-19,4205,3133,89181
2013-01-20,4082,2904,81982
2013-01-21,4487,2861,91662
2013-01-22,4597,2935,93592
2013-01-23,4482,2939,91862
2013-01-24,4380,2965,91102
2013-01-25,4386,2972,90770
2013-01-26,4257,3022,87912
2013-01-27,4069,2904,82000
2013-01-28,4485,2852,91932
2013-01-29,4350,3057,91113
2013-01-30,4259,2970,88894
2013-01-31,4356,2983,90721
2013-02-01,4238,3018,88886
2013-02-02,3512,2703,75348
2013-02-03,3638,2574,72480
2013-02-04,3997,2621,82730
2013-02-05,4144,2774,85468
2013-02-06,4642,2832,95031
2013-02-07,4275,2970,89095
2013-02-08,4529,2887,92176
2013-02-09,4089,3019,86133
2013-02-10,3756,2796,77464
2013-02-11,4231,2711,82883
2013-02-12,4544,2964,94493
2013-02-13,4301,3015,89917
2013-02-14,4358,2960,91169
2013-02-15,4574,2934,94102
2013-02-16,4401,3015,89480
2013-02-17,4108,2981,83833
2013-02-18,4566,2862,94160
2013-02-19,4743,2938,96945
2013-02-20,4406,3106,93140
2013-02-21,4517,3095,93511
2013-02-22,4339,3100,92170
2013-02-23,4027,2959,83976
2013-02-24,4208,2819,81887
2013-02-25,4604,2975,93714
2013-02-26,4390,3118,92209
2013-02-27,4505,2934,92161
2013-02-28,3994,2944,84683
2013-03-01,3807,2725,81185
2013-03-02,3816,2637,76552
2013-03-03,3807,2690,76517
2013-03-04,4238,2682,86624
2013-03-05,4022,2899,84369
2013-03-06,3796,2841,81298
2013-03-07,3729,2726,78914
2013-03-08,3516,2639,74932
2013-03-09,3245,2518,68110
2013-03-10,3316,2358,65551
2013-03-11,3874,2568,79635
2013-03-12,3711,2736,78860
2013-03-13,3538,2620,75068
2013-03-14,4007,2540,80988
2013-03-15,3725,2783,79513
2013-03-16,3365,2658,71501
2013-03-17,3286,2470,66384
2013-03-18,3516,2372,72329
2013-03-19,3440,2448,71521
2013-03-20,3352,2423,68748
2013-03-21,3584,2448,73411
2013-03-22,3447,2574,73191
2013-03-23,3314,2466,68241
2013-03-24,3292,2355,66265
2013-03-25,3834,2365,77925
2013-03-26,3774,2669,78573
2013-03-27,3960,2626,82590
2013-03-28,3465,2645,74549
2013-03-29,3412,2461,71578
2013-03-30,3579,2466,73297
2013-03-31,3570,2438,71833
2013-04-01,3668,2485,75092
2013-04-02,3887,2553,80666
2013-04-03,3876,2601,79476
2013-04-04,3461,2607,73625
2013-04-05,3390,2516,72088
2013-04-06,3306,2429,68384
2013-04-07,3119,2270,63173
2013-04-08,3435,2338,70913
2013-04-09,3418,2504,72283
2013-04-10,3491,2468,72596
2013-04-11,3636,2556,75509
2013-04-12,3498,2640,74741
2013-04-13,3275,2580,68920
2013-04-14,3125,2337,63579
2013-04-15,3386,2321,69967
2013-04-16,3427,2479,71670
2013-04-17,3403,2471,71731
2013-04-18,3440,2465,71947
2013-04-19,3481,2467,72548
2013-04-20,3569,2504,72985
2013-04-21,3523,2465,72334
2013-04-22,3633,2521,75690
2013-04-23,3497,2638,74825
2013-04-24,3540,2512,74721
2013-04-25,3345,2503,71491
2013-04-26,3283,2450,70195
2013-04-27,3100,2355,65019
2013-04-28,2958,2219,60772
2013-04-29,3073,2182,62090
2013-04-30,3286,2208,67015
2013-05-01,3246,2253,66516
2013-05-02,3180,2259,66259
2013-05-03,2926,2202,60187
2013-05-04,2875,2109,58560
2013-05-05,2866,2071,58102
2013-05-06,3048,2074,61272
2013-05-07,3301,2238,68121
2013-05-08,3321,2424,70691
2013-05-09,3357,2429,71390
2013-05-10,3411,2444,72276
2013-05-11,3246,2347,68240
2013-05-12,3072,2201,62532
2013-05-13,3364,2278,70491
2013-05-14,3527,2417,73204
2013-05-15,3416,2443,72282
2013-05-16,3457,2423,72629
2013-05-17,3332,2429,71054
2013-05-18,3153,2341,66399
2013-05-19,3075,2178,62504
2013-05-20,3475,2272,71413
2013-05-21,3568,2461,74250
2013-05-22,3591,2453,74415
2013-05-23,3544,2463,73919
2013-05-24,3567,2433,73536
2013-05-25,3160,2343,66238
2013-05-26,3143,2199,63534
2013-05-27,3504,2260,71836
2013-05-28,3488,2417,73108
2013-05-29,3486,2447,73332
2013-05-30,3526,2443,74310
2013-05-31,3493,2442,72806
2013-06-01,3106,2284,65672
2013-06-02,3026,2149,61356
2013-06-03,3417,2205,70125
2013-06-04,3622,2402,74204
2013-06-05,3629,2428,74794
2013-06-06,3552,2440,74271
2013-06-07,3511,2476,73797
2013-06-08,3229,2366,68121
2013-06-09,3213,2195,65309
2013-06-10,3685,2309,74226
2013-06-11,3570,2489,75017
2013-06-12,3555,2483,75009
2013-06-13,3636,2509,76087
2013-06-14,3746,2530,77756
2013-06-15,3546,2487,74949
2013-06-16,3298,2397,68208
2013-06-17,3924,2341,77728
2013-06-18,4062,2579,82248
2013-06-19,3926,2641,81485
2013-06-20,3722,2560,77731
2013-06-21,3655,2507,75988
2013-06-22,3265,2365,69695
2013-06-23,3270,2244,66248
2013-06-24,3728,2304,75219
2013-06-25,3781,2486,77654
2013-06-26,3662,2502,75888
2013-06-27,3636,2432,74775
2013-06-28,3572,2446,74389
2013-06-29,3343,2386,70877
2013-06-30,3264,2270,66842
2013-07-01,3608,2344,74156
2013-07-02,3765,2485,77174
2013-07-03,3680,2520,76518
2013-07-04,3840,2541,79309
2013-07-05,3973,2624,82314
2013-07-06,3987,2588,81747
2013-07-07,4030,2494,81152
2013-07-08,4902,2593,93057
2013-07-09,4929,2795,96315
2013-07-10,4995,2845,97680
2013-07-11,5024,2900,99314
2013-07-12,4955,2960,99363
2013-07-13,4253,2824,88840
2013-07-14,4018,2646,83020
2013-07-15,4185,2597,83890
2013-07-16,4108,2553,82577
2013-07-17,3959,2598,81114
2013-07-18,4538,2598,88153
2013-07-19,4173,2646,83911
2013-07-20,3493,2494,73628
2013-07-21,3483,2317,70100
2013-07-22,4187,2420,82944
2013-07-23,4603,2673,88642
2013-07-24,3981,2637,81954
2013-07-25,4033,2583,82703
2013-07-26,4470,2627,87901
2013-07-27,4026,2606,81332
2013-07-28,3765,2375,75319
2013-07-29,3977,2489,81249
2013-07-30,4393,2606,86744
2013-07-31,4292,2667,86258
2013-08-01,4457,2676,87684
2013-08-02,4070,2631,82365
2013-08-03,3779,2489,77629
2013-08-04,3792,2447,76589
2013-08-05,4563,2564,89487
2013-08-06,4547,2779,90939
2013-08-07,4749,2730,93371
2013-08-08,4812,2782,95640
2013-08-09,5093,2892,100352